"V1","V2","V3","V4","V5","V6","V7","V8","V9","V10","V11","V12","V13","V14","V15","V16","V17","V18","V19","V20","V21","V22","V23","V24","V25","V26","V27","V28","V29","V30","V31","V32","V33","V34","V35","V36","V37","V38","V39","V40","V41","V42","V43","V44","V45","V46","V47","V48","V49","V50","V51"
-3.825929648747,0.585528817843856,0.223925407521288,-1.43614570622707,0.522282168524833,0.627965113126225,-1.42032385849081,-1.63662909731958,2.30362700541773,-0.81749211459327,-0.784860978170766,1.67751179128875,1.1480913566555,-0.267881707867739,-1.65989369148494,-0.76455739416731,-0.174622555835959,0.747993014653646,-0.0294836190264545,1.18721018660245,0.546815744950514,-0.607841111552146,0.721530935135869,-0.329079735747822,0.0638690756625162,-0.182648619229022,-0.911968480177307,0.71753201262682,1.05076285413564,0.891131450390672,-1.19637101782143,0.509892115828519,-0.283307585697964,-0.110967511118393,-0.19957611455672,-0.481980038324698,-0.225349607984928,-0.326479076667299,-1.68828506276463,-0.315386401062297,0.307557142594247,-1.04269095209994,-1.23464077818174,0.491869046270027,0.740952301363098,-0.869485309507819,0.460454427731783,-1.56784045012939,-0.310367664897247,-1.43893782283125,1.57953188132834
-4.25538920241426,0.709466017509524,-1.15622333024077,-0.629259647262801,0.00979375993233719,0.00214395093177762,-2.46693864686098,0.211562593231861,2.0208958968894,-0.2492658716843,-2.56005244041801,0.079474054662459,0.455013729328529,0.937288013068247,-0.276360236475334,0.979195951073251,-0.67061665808359,1.30712856942213,1.30841030134337,-0.356714023222837,0.491321166594977,1.0762231379778,1.04727700234223,-0.229793206664284,0.0801508291490922,-1.39196798306064,0.603775477417215,-0.0143053790194125,-0.071797326892746,0.912321506411722,0.198801684382543,-0.715364266890828,-1.73637502938424,0.203138987353078,0.701395415800021,1.6689436802761,-0.526519894390191,0.135361094827482,-1.07561956103573,-0.211146332242175,1.2673491230208,-0.183948398620008,0.633130492619491,-0.0504194688988673,0.708371650753813,-0.0542841301891777,-2.28893567730552,0.741019676985165,-1.33815707179188,0.506149067551933,0.0491383850092352
2.95772003235705,-0.109303314681054,0.422418527786999,0.24352176562534,-0.440526196202908,0.284377722710805,0.484715835481135,-0.464831728442492,-0.0578785187398237,0.462998647868042,0.0728007835118976,-0.856427496616939,2.02194638426709,0.03402357854294,-0.828433721841923,1.17383261804459,0.50742575021907,-0.587829568811341,1.97790329440036,1.21223846954799,0.0548609746446381,-0.576425790799455,0.631697908896751,0.00767687340737969,-0.0368877121332972,0.708247812020126,0.213847006364027,-0.146501708236456,0.116736620846667,-0.0713136864643141,-0.214207434152971,-0.405521535746077,0.678135065443223,-0.675713850763581,0.847724421727824,0.0199129999468257,-0.642458993923555,0.959615329486244,-0.396138666830595,0.401943359890474,1.44240665885503,0.179266746160588,1.0203876060071,1.24220505549163,-1.90204040835318,-0.502304456120839,1.20100439074879,-1.19835842364255,-0.713629314013792,-1.2748504186627,0.844610365664978
-5.56725769445795,-0.453497173462763,-1.32475525584893,1.05836223334598,1.1994895345014,-1.00177908621909,-0.937972310764238,-0.662357211956171,0.442093375564448,0.667326385055964,0.750243576066411,-0.778777287144353,-0.6952703709813,0.243158863777442,-0.686070901928494,1.3746664154182,1.24743430271033,-1.13357907426432,-2.31286660100226,-0.693952721340296,0.959684792526404,1.09862636353976,-0.462835608915607,-0.258654597457317,0.137060055240212,0.188965823579383,-1.38067446076287,-0.0629529721484306,0.977866508220299,1.13969595021845,0.115480873617802,-0.0125211871068177,1.06200524096139,1.07412014724943,0.228855520255045,-0.228148322842777,1.71672604840683,1.34319700473393,0.00690483100035026,0.0609651728767202,0.602350914134511,-0.668646764994632,-0.330641667536097,-0.0116490961979576,-1.07621467761098,0.22550386783888,-0.54228252426252,-1.52130267707774,0.742712566513947,0.63996292479515,1.19023413679989
6.24733121630469,0.605887455840394,0.141084312860285,0.831348817915028,-0.117468489316423,-0.61722192863403,3.33073330557046,-0.132953597145603,-1.30333114011791,0.488169885316856,-0.128248880882147,-0.38093608425708,1.60396534062607,1.14368852438981,-0.271607769493159,1.2027383496724,-1.24827554221187,-0.781604567007212,0.12994803764241,1.35606159063857,0.175586269605124,1.4073416884128,-0.498643040977859,0.656339682105887,1.60949041518306,-0.217366875576962,-0.799479243675173,-0.352497342547369,-1.03154201114503,-0.511801669682349,1.48095284220874,1.10088103759019,0.149966903516413,0.967350283459664,-0.167842645244595,0.241290901702441,1.32345424710561,0.81429596669689,0.129844941718834,-0.0861313902215415,0.491125246767049,-1.00438650086313,0.375147272934477,-1.50609463853413,0.107065870717942,0.974146757739731,0.748305509000837,1.51130670718073,0.595532451029669,0.456436396695628,2.42466529552348
-11.3537454982436,-1.81795596770373,-0.536047998490946,0.105211815952333,0.0382097873805771,0.828194239462874,-0.162945463318991,-1.32170170951125,-0.0352204282538767,1.0764874344274,-0.487866725172139,-1.89735833972576,1.35170733572983,0.827405931838682,1.24381055686463,0.0269493670172347,-1.934718658188,1.08319834872711,-2.50608663050923,0.905731335785151,1.19085424645337,0.0366561519655857,1.82481738623345,0.0864034955305894,-0.938681250451555,0.0716346264614951,0.517075947972194,-0.0279249014340083,2.19912932531649,-1.03759339846523,-1.77944391176557,0.95737578909118,2.19440990458696,0.770086843039011,-0.630580525781408,0.332706523612355,0.102048617528388,0.531164212133266,1.68463029634185,-0.417133978350597,1.67257758387579,0.136780947200864,0.347017064310013,-0.930928165975301,-0.785116991614143,-0.970138330506105,0.674028536563452,-1.72917358097204,-0.85377727190746,-0.761173713851307,-0.113934123900219
-7.75282250343924,0.630098551068391,-0.311606084578147,-1.74171309445735,1.19480563237129,-0.084818645674312,0.220455784800858,0.0766927813432196,0.924254316128533,1.14929578678711,0.90878779144248,-0.0717709116878157,0.439514597571448,0.348058187541831,-0.17202142205891,0.711260302486253,-0.763862515785294,0.459888811386083,-0.671374718053876,-0.941588752255799,-1.42787579329592,1.9239186287906,0.584455563897512,0.814554847894138,-0.0697493657664189,0.134233555794281,0.035974204920652,1.26826053610022,-1.44841132676412,1.2583105729071,-1.32011470463374,-0.550847682392798,1.20134814020108,-0.43017949450194,0.184508168378111,0.704770257981539,-2.04522831163059,0.378268902213278,-0.486078063748377,0.504768500889394,-0.75941254282135,0.833604508728087,-2.20749462143065,-1.08051301846448,0.87414715980822,1.39844592754403,-0.810734378230553,0.43524745887279,0.408193377880819,-1.11758290581966,-0.176487219974156
8.94558284630516,-0.276184105225216,1.55610964260126,0.645246993765226,0.343958352102906,-0.434719916936125,0.876210811679334,-0.384990879381948,-0.360828333045202,-1.62212327687907,-1.85246414834352,-1.03086459149003,1.57162170153059,-0.381202844028649,-2.5464745985204,-0.0914523764692441,1.42708874091173,-0.489862326150678,-0.244750179659405,-0.638584393153946,-2.960838742055,-1.25501875529392,0.159693209259668,0.544850476651681,0.000955443396401516,0.153327892282654,-0.379209112692754,-0.222626585598252,0.455255794615384,-0.0831826946421629,1.78462847567181,-0.461619377624958,1.21928435332364,0.759558016068964,0.602398912842821,0.205891823236517,0.104667169439742,-0.123516159174234,1.22775163675384,-0.290247088005127,-1.34567767675574,-0.951934167784519,1.1879250052268,-1.08441147363112,0.716791827034314,-1.84128836240823,1.57443298919346,0.0569586537750773,0.603300485718376,1.17368774135963,-0.0296788797168224
-2.81327837780649,-0.284159743943371,-0.44803329129447,0.0971042246760799,-0.329072974464988,-1.20483528910071,-2.14896295191532,0.947306444502156,0.467172680816427,1.12628292799943,-0.310147905861033,0.670695476490605,-1.74125323682522,1.36128143680364,1.64062749976048,-0.116861627901896,-0.263336917809388,0.0755061779097776,-0.816734827458565,0.483487551708313,-0.337466603562243,-1.19706410656688,-0.535832490608937,1.26776767371202,-0.659232594178714,-0.919176945068463,-0.574956860509058,1.73593914517608,1.09474251337291,-0.0339284713763022,-0.667800691390652,0.451086495900639,-2.34212671239246,1.22063242406496,0.830860839447227,1.57425528758187,0.541278531978641,2.23138674353808,-1.85451711219045,0.378711008020729,-0.586566478534488,1.23037122363484,0.191529643754991,-0.808746605821688,0.270923270555039,0.969707448101696,-0.380864681709329,-0.109748049670098,-0.082339064520754,0.530515435973385,0.264435287117841
-2.42007160011912,-0.919322002474128,0.321123537493968,-0.0767336945381774,1.670857916859,-1.02068687992011,-0.233751352763909,0.0216862719447878,-0.201236860589418,0.590427528747386,-0.31386492393298,-0.361287754939292,-1.48401480103155,-0.885541754975946,0.97023676068447,-1.12578893420124,0.586125356437918,1.92221888075885,0.491471631190049,0.758747936935796,1.95476530843016,-1.49464423164416,0.491414184704998,-0.650150061398748,-1.61214520211075,-0.429302279648397,0.740926095977368,-0.345996669884663,-0.615906316150589,1.73417231689702,-0.874720995669088,-1.20021629561451,-0.28217968710066,0.467097890270179,0.647186296763495,0.812103497522831,-0.525286545234473,0.285162236653599,2.42876569439046,0.220417183212802,0.721352705167093,0.566149744039523,0.675146584850571,-0.806129696260841,0.50718237063333,0.903263638616679,-1.73270705586724,0.809812295477768,-0.244552301478904,-0.865025914225102,-0.665964112092978
-1.79238744909643,-0.116247806352002,-1.23017224688019,0.991950677701748,-0.918058202818816,-0.971229202960724,-1.99849284588448,-0.458294007771828,-0.00534734318180988,-0.740584969069891,0.0235512251366552,-0.27930635616867,-0.555232551612177,0.388984013950165,0.0203074667109345,1.13987143510928,1.02132214090712,0.127680156266799,-0.112294397550244,0.426489352834208,0.837603199028148,0.712897815726032,-1.66444187021867,1.12938859584775,-0.247776282542158,1.54554313061038,-1.12817088637683,-0.376884305170433,-0.188314525868149,-0.835384702689252,0.273902158030841,0.358842455110506,0.351956055351531,-0.780227464790045,1.60375456074282,2.23138547340748,0.188035475492025,-1.05178693849739,0.264023323350431,-0.246356219757089,-0.171686631216998,-0.343402111994137,0.980003673162705,-0.238921820061348,-0.601706357773627,0.783460514026914,-1.22156490737638,1.62256656477071,-0.137796427119816,2.69676403328553,-1.10927517833072
-1.47254526135734,1.81731204370422,-1.32405869215415,-0.859250761249102,-0.0878073286373145,-0.160913362176837,-1.23478039956797,0.228862144696937,-0.533003287024944,0.252453917840292,1.18345966271718,-0.645890406995311,-1.35860493078214,0.411905090024538,-2.6513977459491,-0.459491237689712,1.74773162170613,1.1239222147777,0.226429332166581,0.361050796373508,-0.65728298291829,-0.548898564429376,-1.10935264097396,-1.11177815300133,-0.259480044894114,0.874231632695673,-0.775467093206067,1.42782343559376,0.594557759575452,0.260585308855435,1.09381865256075,-1.07608406318558,0.0627383488162791,2.16546930020775,-0.90000865336232,-0.260655886448225,-0.915701843879364,-0.673130939663503,1.88827949277404,-0.360389281663723,0.428451445383418,-0.431638339374506,1.34357908266281,-0.547088502939696,-0.146537001977351,-0.795415658741961,0.0711157829649489,-0.371111731432223,0.64391851214554,0.656176107029823,0.921959862615665
5.89258849841048,0.370627864257954,1.2612422743883,-0.281579688324405,1.32029371983474,1.20468703481302,0.846303717678606,-1.39640762849177,-0.515415141225213,-0.336997738910697,-0.552833248007118,-0.515729092880925,-0.0826571244573201,0.709913471286387,1.11781171220216,-0.920665190845484,1.02140376593611,1.22665880827998,-0.59350335806727,0.505106569574291,0.973591186208813,0.0244372531036974,-0.12981543763322,-0.852194906755242,0.904138670788281,0.109296141825621,0.00907467644181048,-1.44818153403938,0.144910258203801,-0.708143095266895,-0.135888833958389,-0.163271206411449,-0.679357127499508,-0.488755147502211,0.330382954931574,1.67525233284709,-1.1482837217695,1.71014035133822,0.763180843894164,0.141117666550332,1.05138229659486,-0.225829324926135,-0.59896932287576,0.575819594216368,-0.0724738548832245,0.0608217437873123,0.901880954792115,-1.16580252972494,0.108110133585768,-0.294775599934472,-1.19638568764479
19.6599356707231,0.520216457554957,1.31923171964234,2.06624727069071,1.73078613049822,0.066746216660166,-0.0464948181417541,0.924294202129918,-0.0849109092710763,0.948039602551708,0.597040287683117,-1.37455613286123,-0.358236118952675,-1.31529380575551,-0.819083406430258,-0.30393077907685,0.0665360131509387,1.03137734736776,0.0417069667874414,0.662956915631954,0.512335555627882,-0.430050681991786,-0.492138872403614,-0.695015043045522,-0.954055098393845,1.03952815166067,-1.23454459126446,-1.6481426418834,-0.866716504321091,0.531855028484553,0.896825808742495,0.935962687608674,-0.794479416846245,-0.0462076504352718,-0.428890550453378,-1.73342145721381,0.165171310926837,-2.33351019871869,0.899666821412516,1.88221390384908,-1.23620291404394,-0.509659291252805,0.217261960897458,-0.631969115265273,0.600810938545414,-0.610079428222001,1.10857925858641,-0.887790187989545,1.35836704306364,-1.18609624670084,0.878904767608169
-8.48968771938546,-0.750531994502331,-0.0807537613680344,-0.611552977816697,2.16259607787676,-0.882457683653546,0.403642765259537,0.0662160410537507,0.435933340041161,-0.660350380044291,0.680969382940017,1.01037782844654,-1.2891182571127,-1.53693355890862,1.70455001713339,0.267685253178417,-0.309739573142118,0.0679363453343429,-0.994080566476418,-1.20638372661331,1.87465068061779,-0.895087588134821,-0.590397516856788,-0.865996966090827,-0.2450551429354,-0.899618953368638,-0.303029515506396,1.04754519691266,0.900142795348714,-0.848506117562595,-0.625781694926703,-0.606126764803104,-0.108565784400487,1.34795315780422,1.00151371336168,-1.05077206479564,1.32574803341633,0.137139552257242,0.85314032032951,1.61891522490881,-0.495467656862977,-0.508687912739858,1.26925924895058,-1.1785062758309,2.21193622466875,-1.44643394106224,2.60502059216585,-0.0265700480580466,0.137128100408647,0.305715064963009,0.391291982995432
1.88845878390244,0.816899839520583,-0.505089806271492,0.315612824664819,-0.315732479332576,-0.0199197379804012,0.767454660414003,0.802890842219566,0.997954243977856,0.683053766550444,0.0119610482170529,0.45370645645891,0.966683187814076,-0.646002558777445,0.849855831494626,-1.2569610031532,-2.13237583442794,-0.996959949480875,-1.22346015733335,-0.0192839858629592,0.902623150727421,1.27723799726719,-0.573209451248185,0.831441252537753,-0.246843313805936,-0.188491785588968,-0.317780493342574,-0.970048254275177,1.52556339263204,-0.273002938915773,1.78281181807593,-0.313638984426882,-0.575566953759726,0.350048413721588,-0.690520721288093,0.825736223851588,-0.218176042178536,-1.29950078956986,-0.185935795513968,2.13605078045296,-1.07535657121094,0.770458541567806,-1.23299122553657,0.23969689766078,-0.970361002019326,-0.433289085400817,-0.334229280390563,1.35246473950481,1.334465833473,0.36822481628623,0.413780914800708
-1.73646745736435,-0.886357521243213,-0.0521535933303235,0.660293378144825,-0.575096104236685,0.328016480023828,0.867101501944608,-0.0605252612568427,-1.1631892606627,0.0783915682032824,-0.206807563344132,0.274880330444909,-0.420455899805465,-0.96864298750643,0.543337062872608,1.5529932885864,-0.322380915167478,-1.16787104078363,1.36473595600702,-0.43483755194595,-0.245282086510309,-0.0876978322515305,1.512635914679,-1.13411110951539,0.461919268840523,0.696998047108157,-1.62222403508975,-0.462495641577451,-0.688500312065715,0.89572444152406,-0.44628954106314,-0.216433883976193,0.141863246180845,0.728632068026429,0.399934137443095,-1.12578782762518,0.0781175904240948,1.70411696044334,0.218419551822243,-1.11655348793902,-1.74948372687469,-1.19003481717937,-0.547725666541514,0.70384676672078,1.18556481688778,1.35438939341915,-0.583708126476099,0.316861202512091,0.156538285465713,0.325062349464857,0.7800273985548
-6.98930586348745,-0.331577589942552,0.628860625108436,-1.72220240714511,-1.40635643559789,-0.930628616693406,-1.25458114899502,0.0893286191422329,1.68089383773506,0.533368090655584,0.738849047055834,-1.27179122480489,0.778214744704721,-1.04569476582391,0.0560354533851741,3.28902221110227,0.505349791218643,-0.603100131245345,-0.53470020971453,1.03413374999746,-1.0299776783218,-2.45556219289223,-0.504601888538242,0.567419197266663,-0.744230444352698,-1.12182729171271,-1.1374601188002,0.172039205089604,0.00406758252187566,0.254854557803259,0.56506835640516,-0.52540006878061,0.704728261931323,-0.61807406165889,-0.423049108276728,0.173057554083032,-1.10273794485277,-0.518959281364228,1.23320117213895,-2.58846830585277,-1.02197397081717,-0.957731560270025,-0.0136640691972185,0.290431658648052,0.118315354831661,-1.56318983628307,1.36969331205006,0.117438085749356,0.555962368291323,1.22825502795429,1.07460158278104
5.06219413493099,1.12071265166956,2.18000239748484,-2.13462604834862,2.2678598535587,-1.13141496810912,-0.157797989663033,0.40131137647635,1.2171205130423,0.87558663265039,-0.0257216376960103,0.973595241918216,0.577272970940539,-0.132058867317196,1.58404961323105,1.4306875730458,-1.02755740587754,0.728380227622869,0.567579457623272,0.185520623831921,0.166650164199757,0.896467301277569,1.64338057290397,-0.469468491823083,-0.50316866840698,1.49419398656821,-0.243380628049777,-1.72860714476836,0.981170134876251,1.05801013087003,-1.34383498629717,1.13930393463457,-1.68964427202971,1.09824807391632,-0.526061993895207,-0.313062957232373,1.58395575880616,-0.917484202925306,0.351043034466299,-0.561387490763475,-0.411858984872813,-1.36599990045999,-1.36805871239572,-0.122794708579102,-0.652115112351026,-1.49495074062861,0.675587360072401,-0.604154440122231,0.592110325963919,0.555350930554371,-0.495868812004645
1.76630623487019,0.298723699267293,-0.0690173065192163,0.0689455981370002,-0.770853928970678,1.0862303889986,-0.512316779697817,-0.888560604004252,-0.0274388268504688,0.138510650187177,-1.79672769000597,1.28078712369707,-0.396721690855446,0.138724708909393,-1.4386345459615,1.40293328467139,1.16087863995159,-0.616519167875096,1.7349226354558,-0.974735612637433,0.807312822277692,0.755326368705535,0.969512934963035,0.275324307767121,0.850671276732819,-0.463913322827306,1.54449147580984,-0.0816414262638184,0.597888355983528,-0.0878634500344422,-1.01195265220205,-0.661885030888089,0.610526955879975,-0.446278448548348,0.971376192828045,-0.0769858753929809,-0.486160267720359,1.55815028786074,-0.989830062430209,-1.42138981586395,-0.0740947906158756,-2.77515782589579,1.68880515313423,0.726775736348268,1.0518547103383,-0.137868795147691,-1.13848801818189,2.07241635834731,-0.779065077458352,0.688868790437796,-0.434869069440223
14.1857918716465,0.779621924555324,1.5448636020376,0.867821742581099,0.380315696994393,0.514242102223054,0.41302086839955,1.44916942543378,-0.291545604297294,0.940187967870956,-1.81561079116872,-0.0258765473419908,-1.55747040157249,-1.60980434526883,-0.639718612528588,0.020715065638683,0.678678000535035,-0.262408915622796,-0.956901203204413,1.81410840962851,1.95330127020184,0.269681729309377,0.943952740205004,0.0322129445655805,-1.6193600265553,0.590367514808984,0.306066259231554,-0.849849683570918,-0.63382094315049,-0.618395917682794,-0.138476920189261,1.3794303990613,-0.376738654360035,-0.162168101292345,0.153901358700884,-0.162432055864598,1.25125422236277,-0.601647082562133,0.0848896811888582,0.486066631662224,0.218146212992252,-2.19682636463027,-0.862774861931191,-0.410781427130582,-0.740098805244436,-0.138705643429147,-0.97752382120594,-0.0595390470916465,0.534081858772918,-0.501841787126396,-1.30466557519606
2.45140763270967,1.45578508247686,1.32145201716263,-2.29004417945875,0.605136772754965,0.293168380759209,0.564256260947448,0.205510471859438,0.972627821273574,-0.663677074308801,-0.25774536802801,-1.7359637799923,-0.548407913677815,0.972991445547876,0.0867654667091841,1.22208988460687,-0.574900472450726,-1.26620171987025,0.536674763738936,-1.23774479497207,0.635005355330477,1.16017178240129,-0.467184967910022,0.758938467022134,0.151788149557843,0.597002078281723,0.320433104552515,1.5362757914873,-0.379427027761042,0.374546974025935,1.37301257847713,-0.780738067180268,-0.218404641401962,0.644012038902095,-0.903282882669507,-0.650604294748854,0.372095688815168,-0.879469560386352,-0.802835953202619,-0.016944236798248,-1.21471788543881,0.44616024836766,0.10496540032216,1.54943972923829,0.266982865065029,1.57196563030131,-1.86194064199052,-1.59826403095486,1.60611813903869,-0.0884357732974429,-2.28060891701926
-1.45946484886584,-0.644328429231302,0.322151575362802,-0.15019028820832,1.01967413681758,-0.562654830461337,0.726065952100765,-0.0561199676644025,-0.23970672930526,-0.842412232642696,-0.0607272386919699,-0.945175883718,0.217260182352515,1.04888304215775,0.466811178990879,-0.577103633365481,0.0448941847444126,-0.902752301845523,0.725042624185564,-0.965472808875755,0.0318480421712833,0.230170318589479,-2.04974836448467,0.279070463578489,-0.221021283759817,2.06822058548301,-0.723347451964526,0.715084286827625,-1.40773306995483,0.176355873377521,-0.101229696267992,-0.0123286550918683,0.596867147696596,-2.11172283232482,-0.0446167431432784,-0.503577336765753,-0.680127551751189,0.0109877800851639,0.193654121795118,-0.433818489095867,-0.231859881382705,-0.94573673614992,1.16471867459579,-0.397133849857545,0.00728813009377727,-0.200703346775051,0.0537366693298844,-2.03735583737134,-1.08311932990998,-2.478283816922,-1.64532698379504
-0.422370414889741,-1.55313740522969,1.53095511973516,-0.268781792791041,0.474943044148217,0.207142723762983,-0.41510221515824,-0.639859455343138,-0.901717675681056,2.3643620566372,0.991873728143753,-0.461119638727372,0.913234969506863,-0.115849420987912,0.41725282377052,0.825420145543567,0.329923093593966,0.146091490554162,0.0611383686094142,-0.831859966522379,-0.376810296951107,2.22542067326755,1.73747937162744,-0.242493779303844,0.52917823817669,-1.68935735987575,0.87314561405514,-1.08389685062094,1.72262313800224,-2.07071857222431,1.27060175432264,-1.07846675898945,0.149051063103709,-0.445228165224612,0.0789878426889465,-0.407692811059348,-0.00563791890345103,0.493872342206147,0.22339503194174,-0.0960182644699129,0.734384268466192,0.442891098113317,0.771845858475219,-0.289540039536652,-0.322076587749399,-0.781562147440394,-0.779990915541649,0.15047935698038,-0.799132495488861,-0.86414979095969,1.08729514060002
-2.01849670266265,-1.59770951669631,-0.421239693338574,1.79133204114731,-2.18594644011259,1.2280774574073,0.0416153001654098,0.71778099875746,-0.63117432512262,-0.0328630945809129,-0.968440976527722,0.559566137270165,1.5522148463537,0.910867637557604,0.607894752103972,0.382837248481534,-0.316728567602013,1.3384243600138,0.00446255689178777,2.76099971244157,-0.0216536748780434,-0.866470565869161,0.28033918487374,0.0406032025983284,-2.40091229362287,0.744169874233573,0.424416779575045,0.297392921592254,0.706814647625521,2.10119920799676,-2.04048913888286,1.62099210897969,-1.52716984747244,-0.822585447402744,-0.221824916123363,-1.45728333729039,1.77820316304361,0.17419863092201,0.200229105394067,0.439085140888988,-0.411542234553757,1.82733220436897,-0.750776712508746,0.290075165620452,0.0955261056126931,-1.51396212581758,2.1302664281814,0.372065990663875,-1.3401950718929,0.2263837910561,0.0392421647855456
5.91929552160164,1.80509751881082,-1.15882102281814,0.67226804169809,0.933192166975154,-0.430012569304131,0.224292050515328,-0.0645002911054802,-1.6259750852343,0.650429870053779,0.380720578668797,0.207371697786834,1.26813065319604,2.06183133700557,0.28020989415716,-1.21166257971452,0.551509487774879,0.666873430916567,0.488527825024903,0.263478173689708,0.118189709328244,0.747952334850916,1.34751518753312,-0.641448576666786,0.709130574717,-0.241762856033551,1.25173667153228,0.61910021175287,-1.28304547474126,0.823036195752053,0.670141691049779,-0.268205523772239,-1.06618271164564,-1.23925222239716,-0.362461935763903,0.477207140363062,0.975888742324914,0.569878870537402,-0.385583849349843,0.649110294748763,-0.0187557145149346,1.01422541538369,-0.600626985408532,-0.21752900571038,0.873493961598694,0.272259654425301,-1.42375550823454,0.332668798331289,-0.277167025723512,0.602286477993641,-1.52261828765427
-11.6798550867201,-0.481647363694637,-1.84536828942147,-0.209301136296734,0.475435421232725,1.33190835172714,0.786409140414589,0.13242959590706,-2.14949594492572,-0.698380862188483,0.213509740708371,0.400516269744986,0.760401524537182,0.776568452786236,-1.17626757068755,1.11629650843708,-0.540184809904946,-0.634380589970193,0.567560766788254,-0.639062304229786,0.337506558530138,-0.320562030631306,0.500537883995336,-0.960519926700459,0.413429437302669,-0.171535140594553,1.06448397722778,-1.16033654677369,0.0824746937830665,-0.466235890389742,-0.0308976536168781,-2.06454848964861,0.535808887797185,-0.0489671060095254,-0.487803443907489,-0.0729373868834082,-0.178228022666492,-0.798214785081896,0.82064298563335,-0.00584178692789696,1.28604188769051,0.0415909460763897,-0.400022944335427,0.361967491802503,2.19354939774795,0.372541043573437,-1.37365705627585,-1.16550912423713,0.38636561912277,0.694516500089306,1.43419376832394
10.3548323739491,0.620379801298422,1.15732528705715,0.0121825061243721,0.390281600028403,-0.7632671560725,-0.423362837233043,0.0347150845540897,2.11262792349993,-0.437500611944236,-0.968506531936367,-0.0514096698764048,0.659180420191723,-0.186582022727193,-1.29423356811136,-0.818011975318963,0.128417652074905,1.20876062324752,-0.0691017860751925,-0.129426375602313,1.79569825412537,-0.830560575606642,0.669602852515611,0.871654759463876,0.20874854491843,0.281546977289208,0.894792492090079,0.860901264620597,1.16643078129834,0.37612835340632,0.166804689323578,1.92431425358019,1.56298358988597,-0.0370043690290329,0.410025532101694,-0.54463016789454,0.141942314971162,1.54940019847784,-0.0339428351701423,-0.713902950752607,-0.212947246094682,-1.43626305638799,0.114026866072567,-0.440435159765109,0.594175003905653,-0.384627570912764,0.400824094639191,-2.95296610037848,-1.25500445899682,-3.09008320098499,0.339396149978281
0.294908121820155,0.612123492650849,-2.12354988101476,1.53411686438439,-0.727328150843188,1.23231883156069,-0.367533956550453,0.28165263482086,0.269080433253502,-0.719087417049352,1.4948730987816,0.824944695687561,0.653989652414126,-0.50989851527311,-0.3187407058278,-0.444864848082868,1.77590486159275,0.932657017483215,-0.0628337353307094,-0.163620412882294,1.08358238155257,0.244342456597531,-0.415730377359972,-0.740468478172525,0.622615094964549,0.604896825745382,-0.780804980506557,-1.61685572533955,-0.495559599722048,0.74653900087654,0.663030432185572,1.64547147411687,0.355861023685839,0.156218295857273,0.389019378476921,-0.176407774976444,-0.688901164604377,-1.83250789456366,-1.74897099642322,-0.108164656212317,-1.12957389229652,-2.44915038204242,-1.21502646059073,-1.32980509218986,2.34245867048061,1.20677491272467,0.0576581999972901,-1.23790827663235,-0.454334518827175,2.01644363926456,0.179097069795914
-5.78676864298827,-0.162310976918126,-1.19603151811083,0.0772918164071403,0.986555948076592,0.609058662925924,-1.76702030593096,0.919278254827668,-0.519472155609454,-0.274989184175191,-0.336219846162264,-1.67806750352761,1.55597631479714,0.714076821371947,0.845857571154179,0.844661289767558,-0.871930154717011,0.66503821425484,0.695446456420932,-0.3051041200607,-1.30335457132661,-1.16486296972236,-0.885232254644362,-0.302527821302559,-0.243076632483999,-0.185356662364755,0.212347522984554,-0.705697453923191,-0.571426244212522,1.67939077918516,-1.27026010302828,0.468945355200936,-0.563145496157112,-1.39040996103981,1.11240203128284,-1.42630942032128,-1.27283065556121,-1.07477313859557,-1.81586789235035,-0.228254556283984,0.098835113265691,0.843353930269794,0.0694796452606776,-0.380211417928357,0.0608621203894603,-0.0762586424617481,-0.0249027586602546,0.694261811732418,0.313648672868832,-0.833140447495782,-0.999991148243741
12.4803853812314,0.81187317855386,1.64219199076734,0.078437532748926,1.42398359867007,-0.822540083874516,-0.183537875876655,-1.0427231529259,-0.0157344441089815,0.896917771379762,-1.70062792063981,-0.923279416267376,0.416610866848198,-1.03526304053903,0.0590417004348367,0.951259179137202,-0.745125239678063,-0.182851517926676,-1.66800973564516,-0.321383804418999,-0.731234944944751,-0.0262460567952989,-0.326935904355231,-1.2076696773111,-0.765326297189236,0.603677369207786,0.477375233725461,1.52619128869469,-1.16082512170248,-0.0305534788206206,0.467488592012456,0.128249049841224,0.989176405554894,0.285541141216213,-1.66417656595448,1.02750275662628,-0.582511784312502,0.71807010131866,0.771879621885802,0.0239190335576107,0.704540744411311,0.483508838594462,-1.92829432218219,-0.0829645005650441,-2.2668315850268,-0.634389509452858,0.243842780579336,-0.926467284648505,-0.65362391806381,-1.84626886111734,0.352865118885843
10.4474874883056,2.19683354634753,0.883654833162014,-0.779261070429696,0.484730511200338,-0.0476483564726301,0.834871997278262,-0.2136226802054,-0.151252919119899,-0.639743485915617,-1.46767765821002,-0.657448334637347,0.0280533938348574,1.89484901774885,0.280053128944515,-0.862401297076409,1.15617780283421,-0.591407276699408,0.809997113078534,-0.85765688201553,-0.675309478436804,-1.29471883836515,0.642038634585716,-1.01986021220989,0.167958868004068,2.36685948868451,0.423691797913307,-0.0724514583945329,-1.14255991574027,-0.179229141536431,-2.25243172192792,-1.03055370943979,-0.165553758902961,0.0659995266330106,0.322132273880374,0.565321281827027,1.24678308659046,-0.0661427184666729,-0.0773853890697156,0.189343049842231,2.20278818499757,-1.02168588296414,0.219767441536539,0.520471312914004,1.71313870863436,1.73196889457376,0.0391576926330527,0.311143764452417,-0.289448318678491,-0.539430841103164,-0.623597059755494
14.6941636107628,2.04919033740619,0.524875891035917,0.16655966873187,0.349236445934426,0.170678010698749,-0.587200511162141,1.77794707687002,0.0882313538136829,-0.0761318177708126,-0.216348650591261,1.65494179674235,-2.36600857272134,0.056793059358744,-0.836591212267774,0.612258116618644,0.124097652582163,-0.806172572172698,0.385430689674264,-0.420970725968033,0.209466003382888,0.190466283417043,-0.642331767887299,-2.10527986711263,0.69707946167818,-1.51372751035493,-1.34760619676064,0.544906164891444,-0.578520938643119,-1.18603790221301,-1.08037269431935,0.380653249594837,-0.0881498600906703,-1.78858151862663,-0.620192860644725,-0.283052618286162,0.411450624878728,1.97098264836112,-0.259328618955817,-0.822493200683813,0.814428004921835,-0.301170767094749,-1.22313687934478,0.608398533581042,-1.47319580941446,0.148981190465187,1.2426516078058,1.05888290132429,-0.546312786495205,-0.0464822896988527,0.630453442307414
3.34811662749731,1.63244563948047,-1.18465906563077,0.265324569774749,0.860124249616191,-1.22507132610198,-0.358932402586232,1.46094086182791,0.778902511919714,0.848679081643909,1.15178498466669,-1.16392914747106,0.546044490687229,-1.70072594342836,0.653533163617214,-0.105020523015209,0.901342900824523,-0.209876754211656,-0.691960211958121,-1.08726362114699,0.883079431335822,0.502807418944925,-0.511399678545815,1.242410097666,0.328495696214666,-1.94523808522934,-0.333746645555072,1.32477033234338,1.04058855003626,-0.76545585308753,-1.0892328121207,0.277584913696618,-2.15603990038003,-3.1884357559596,-0.966710164071095,-1.22396638604749,0.806893887002293,2.00484960344734,0.833947114416354,-1.62968200683676,1.18774564194794,0.0703512960289909,0.67038198948359,0.630786033911889,-0.772768262664697,1.15776635255892,-0.374287215878464,0.200738710252946,-0.606998498878229,1.06984174380563,-1.77075182926308
19.0574569026586,0.254271192814055,2.6557882721428,0.890780709620268,0.404611144608053,0.387332884207625,2.11412883607947,-0.364550822578012,0.386720137586071,0.617058863068682,0.633480456841026,-0.879142734490512,-0.0870771441310827,-0.0648369010779013,-0.902540961623437,-0.753762263573015,0.0730580356818035,-0.352546825865419,-0.443428572427364,1.13607807264331,0.0490746865992367,0.815673174482617,-0.62776842961771,1.60923356300077,-0.0547396064415493,-0.27831932884102,1.29765187630962,-0.687406479900913,-0.85821664524264,-1.45963928945135,0.088443827205291,0.982330797466439,-1.45185733748999,0.194721485231252,1.28123703621642,-0.131689446337181,-0.361649016866398,2.3979209807028,1.56627941937255,-0.178243464466754,1.38637916288429,0.0706625677171148,-0.254756083883411,2.42444992048639,-0.0186613668058491,-0.746706566701916,1.97158045752059,1.65620410960517,-1.20471457367285,-0.184569734957013,0.750105123166131
-3.57444388006059,0.491188279272559,-1.04791371021831,-0.467888369466512,0.367044921399527,0.490667776973891,0.645411052385317,-0.613160421373983,0.347953467019237,-1.98848492727944,-0.277309664971761,0.224613030886869,0.368892122491792,0.893158726883443,-2.03255201454578,-2.77149280105207,-0.47675236506762,0.111815197740918,1.3851379866227,0.0154285771257972,1.46960499602269,-1.16045763119574,1.38202252269753,0.390033209866182,-0.90351136526584,1.36427542099024,-0.208059459941891,0.590228333884749,1.51953011679363,-0.664066027194926,1.04482026695987,0.504854503745084,-0.785783853639111,0.00956962488119819,0.702201704490599,1.21626398659598,-0.642394071654538,0.195225376369517,0.556323200524515,-0.19510348984903,0.649777933091819,-0.0316143586224739,-0.207665162561157,-1.77820392416981,1.04145594583075,-0.842932882570093,3.1972128917892,0.101155238357388,0.987061084390874,0.377813170514114,-0.580576625212024
-3.00523325212678,-0.324086578737118,-1.01112252361904,0.758374556806851,-1.51919904950798,2.23912608412108,-0.3123199556304,0.495906780440604,-1.8995713794429,0.631595272350853,-1.74334781481897,1.42054996200525,-1.44043937936632,-0.23768450540283,1.34289652536155,-0.0986434264177824,0.876341415916475,-0.114083655413961,0.822843884523137,-0.824193638679315,1.27305093152997,0.438592411762408,0.901359161117073,-1.4505867915012,0.553154734452345,-0.462407092292754,0.731345855385245,-0.934530352090253,0.494777984985416,-0.284670380268534,-1.10573398412324,-0.895045428321495,0.837985038441182,-0.239225308542459,-0.0340340643122705,-0.364073100892699,-0.942164979089605,-0.931155417683148,-0.219169020043778,2.07799430014464,1.50741274472212,-0.259223049805361,0.296492871165691,-1.06497841274841,2.24744034050122,0.19163069786139,0.720346408295224,-1.19329990940139,-1.84086555578621,1.4589536424688,2.14728262700403
-6.42905943802462,-1.66205024385863,0.668921652514333,-0.641736357769941,1.54980333197868,0.892212308962462,1.18544828285913,0.24563858632494,-0.057682415987926,-1.94414536380121,-1.0185528402395,0.500920689211464,0.948342218434107,-0.88378036018178,-0.0996047055005739,-0.862521183734214,-0.10098603579442,0.101224305408025,0.593420078233661,0.876678067764039,-1.18129548488433,-0.475260266405942,-0.0358525010238236,-0.810521618269909,0.758989874736025,-1.18813923309695,0.00288316051521121,-0.365955798276269,-0.454517716118897,0.415210015632873,-0.835428300051867,0.631300208839173,-0.964901925577719,0.487081818664258,0.133943241275143,-0.121148897682084,-0.71779586783423,1.73952897557557,-0.157547978054457,-1.66835105553325,-0.163194642976469,-1.10377335509724,0.378691460912883,-1.06138214908703,0.182440724604031,1.62115820146931,2.03695698604127,-2.44229453193696,0.398565514877694,1.56075677486573,0.805988967472199
12.1817613306885,1.76773385087297,0.129177293676193,0.627671823247429,0.499881065667666,0.798932583732949,0.553798963944274,-0.127904809832185,-0.471304986461131,0.477375023878853,-0.309481258121737,0.284829601969807,-1.62246893619965,-0.268114313447309,-1.3205457822542,0.0119144198361718,-1.92078429381668,0.207849090695812,-0.421320112079562,-0.356272676323136,-1.20204642560979,0.0401675945935811,-1.01111881519878,1.56044024117847,-0.608703887345086,0.526617542687284,-0.992413214106951,-1.57364488189538,-0.935643661125759,-1.04274751588912,0.474259782415276,-0.128871182560885,1.49876142977068,0.401293221750492,-0.652162430818883,0.0132350611594545,0.571388588929983,0.604359631257158,-0.534699284833029,-0.100102760180231,0.237004431655834,-2.1366926705876,0.0561505288000354,0.0452046672402127,0.0536076636233771,0.00377066159080977,1.1011536407189,0.0796577742776528,-0.182193049807282,-2.35239963171813,0.560203071843255
-1.95213841008045,0.0258010486478081,-0.422576867053514,0.248330126822981,0.460872851532372,1.93544276888011,-0.0537539387180274,-1.25043941811419,0.634731298165431,1.77872992448464,-0.514005540936609,-0.720574830593773,-1.42204093912368,-1.42515927310942,0.490032052603938,0.227902421584534,1.40296898949641,0.22020874488722,-0.0162768150919803,1.26775873778389,1.99689516035174,0.915386234365251,-0.605881005366166,-3.1417160221036,-0.391427003611557,0.410659421435079,0.963217605596277,0.0791389536912589,-0.910648848298097,0.0243136182597045,-0.716436562892914,-0.733961518647676,-1.15007260762736,-0.101980066512969,0.247484852681689,0.691694429063176,-0.558033971964479,0.0222050157562205,0.202909331888865,-0.860765378588924,-0.674864493787017,-0.404056848366094,-1.39730554191698,1.56375055187387,-0.19342082939954,-2.41262090652899,-0.532604371812306,0.778349865046236,0.619603015464071,0.329207660770222,0.734698765127189
-3.32590598061231,1.12851083359018,-1.14026414484813,-0.700075816724207,2.07670993327744,0.394249899631979,2.12746303485883,1.6343509612082,-0.960743692691115,0.887892531748101,-0.741466194021958,0.896460941962013,-2.19955961986666,0.282729470241562,-0.13701034864936,0.754868073472595,-2.06679567230227,-1.03177785437623,1.09881034379512,0.12882143113889,-0.171335350315672,0.345929338680152,0.0529330546883286,0.313479713939763,-0.760191426030374,1.6298411719069,0.713891783734494,-0.406645252747477,-1.0247380118333,-0.574626536901372,-0.344331281880113,-0.748757652644573,0.0684147174930806,-1.53286464857968,0.980203421715679,-1.36373251200999,-1.01867766514162,-0.392752613587452,0.920485178169027,1.53541011621238,0.327302104755627,-2.21414430734477,-1.70138503204162,-1.57188329701766,0.525897045067336,-0.329336045501717,-0.00329922078437808,0.522424063855278,0.917679378090901,0.866916185880795,0.294833387942933
-20.6440504149332,-2.38035806139704,-1.29371529003254,-0.567401585119184,-0.307650565583008,0.632521494371694,-0.187706479444224,0.975435764363946,-0.804824610628623,-1.10316406141526,0.19121653210113,-1.43246766728612,0.102242549734569,-0.158979583631623,-0.0543016244860369,0.210220921404522,-0.328137917005938,-0.330932977403775,1.28105152794283,-0.316509463714991,-0.524467204471823,-1.64719362479294,0.236748820494176,-1.70669518535218,0.584165140103913,-1.28881645601477,0.116952692853247,-0.399582166737869,0.668547058583927,0.141525291089753,1.09639265407741,-1.05281475945382,-2.22390446051928,0.476258861533651,-0.276171391074626,0.413060932207127,-0.675630136084758,0.281309833231036,-0.301788247656003,0.399873225776003,-0.311611207659114,0.529143418416403,-1.38400303247971,-1.29710124872147,0.297785945554753,0.273127921293301,0.72887330427252,0.252614287297666,0.317313432191376,-0.739624647167089,-0.804591182959705
-9.73592646878935,-1.06026555215253,-0.594698769070893,-0.261393925889455,0.952370885178271,0.102591102479784,0.0987578449393323,1.08407793761813,-0.495946762166434,-0.302633705669694,-1.16698362438705,0.38599263402402,-1.70094425207912,-0.141043577462177,-0.644715679765775,-0.653579835301076,-1.54888381544066,-0.317692063777416,-1.02245059221455,-1.51211395210947,1.39812068318121,-0.0833195772992678,-1.10728163695264,-0.535684529519175,0.00664668420054961,0.179411061480318,0.213429272446516,-0.581428300555339,0.490979367324465,-1.81301663083044,1.50174844364695,0.282138104641247,1.01553682505083,1.33820299303975,1.16508542144918,1.27788499162973,0.298155232747739,-1.45319470556396,1.23808725352475,-0.929391010634593,0.649837751974399,-0.171880262215897,0.551679005017642,0.977820352021055,-0.99566283498281,-1.59799483378378,0.28191767552619,-0.421552484235986,0.0472065513680964,-0.232244662817768,0.596581818134308
-7.88427591249267,0.937140540182908,-1.50081408022084,-1.06388503578658,0.532788293060056,1.01021099822561,1.91037814936148,-0.35938727145954,-0.418476983928688,0.833795431870546,-1.62614115828474,-1.11065415047959,1.66756805497658,0.386238645647726,0.020391609699548,0.25185089927799,0.236518356094544,0.388304253641281,-1.16177585668865,1.66719512048343,0.648173132558533,-0.353602827073967,-1.18913854278655,0.434845410563609,-0.51566141009615,0.955058224001284,1.3847163198548,-0.765875018686036,0.419734429895088,0.409777299526303,0.984292365486186,0.411237614351906,1.08339950060871,0.237090599719541,-0.768640619235658,-1.39591856981899,2.35542543543814,0.105396665496565,0.0342317197581992,-0.311897658280858,-0.950768387533346,1.67151905628029,0.419432215160803,0.383774382585034,0.274803338242097,2.43020750742482,0.263787025980284,-0.812164471926845,0.955088791977811,0.1598334179755,0.758452845839139
4.72471627356011,0.854451720330554,0.0158556930655591,-0.10636865398875,-0.0955477083753134,1.21467838526569,1.62145571560741,-1.0155196730631,-0.654984450267755,-2.40953049554883,-0.976897236736441,-0.0755034378284325,0.65132781853536,-0.473854785026103,-0.270451018172699,-0.415650357964597,-0.176512557406408,-0.775576431514719,-1.73762062898982,-1.62720583370652,-1.1639804384544,0.910934321819268,-0.988761177857096,-0.318457798906921,0.749620294506236,-1.50770637179599,0.0683361190868302,-1.07401030212292,-0.300479356851887,-0.743697835742592,0.0868085310687654,-0.409227868807613,-0.216790093968268,-0.510779732332753,0.462307108449536,-0.266570495961167,-0.552614932173867,-0.0470908617193039,1.55133477841809,-1.11942853405103,-0.0207751448342782,1.72765102118882,-0.279255140947152,-0.236397000990794,-1.40878431628826,-1.10008749592475,-2.50222143692996,-1.17562178026014,0.121607182261872,0.884255633472287,0.729050065683477
13.9720098348285,1.46072940310409,0.54016956769222,0.771103739675585,-0.142063378432117,0.500870658308071,2.0930679948022,1.33552147320614,1.39548649027518,0.257452383651025,-0.688621185218777,-1.38722221913342,1.53324704446761,1.18190209494895,-0.472232429739442,-0.192023638930723,0.888191791487953,-0.173296371917444,0.463883493261949,0.0322998478199625,-0.597802105820324,-0.989094636995573,-0.190451594932855,2.35823354984916,0.172737301002004,1.74203699856276,0.501806881720152,-0.152316187714944,-1.10570237835454,-0.543880089021181,-1.94330360974693,0.650820161849676,-0.0822492343632123,-1.19364899970999,-1.45311229287943,-0.130575422769319,-0.556142977495844,1.85262928028747,-0.0142132534887477,-0.745695386649882,0.599658700776943,-0.26414528088925,-1.1129372184161,-0.661874486822962,0.649842975490842,-1.46286132128353,0.694755268351161,0.517303428574407,-0.195152481503103,0.100625890166751,-1.14548156125757
-1.37101723041618,-1.41309877788919,-1.5472919670457,2.74740354224873,-1.18302571097835,-0.909467950919845,-0.692235927933616,-0.155562276057601,3.09369662832478,-2.1737384364898,0.407800887328872,0.27471365422758,-0.00710408522648729,-0.84638259447329,-2.13767534930398,0.132729411093459,-2.15605172171831,2.7001565337162,0.0306039253733962,-0.308667038457376,-0.855377217728272,-0.628349119790917,-0.709476881296716,-0.747467968585997,1.87296737055582,-1.06829417769123,1.50900072610705,0.97346042737253,-1.72394964823362,-0.779735537125565,-0.373213383156696,-0.330364933108893,-0.238049644158301,-0.782189325623388,0.828391431597579,-0.222565743414177,-0.305359932878905,-0.458291192337928,-1.25562639455409,-0.714667252103198,0.385281838857916,1.44601616020188,0.112988743144751,0.621577211476729,-0.284530694096144,2.17240809385166,-1.05420656342626,-0.669520205942663,0.542399789604974,-0.917732392819651,0.819568356510517
7.74277477962988,0.567403253424482,0.849652929928439,-0.0839347570758132,0.54531840953441,-2.19720851198184,-2.28719811086647,0.926608498178108,1.90082563123672,0.026167679313138,-1.12140511399046,0.546311962688847,0.064437051241413,-0.23109629250776,0.097327073472671,0.244478759598709,0.674902938795879,1.85166071392364,0.516910552322474,-1.64702651754849,0.14884757448026,0.749104926189909,-2.3409125058475,0.764554834850525,0.465581557994054,0.619369965167734,0.207876643546631,-1.23448375731235,-0.222870848849035,0.700634175976067,1.60493949778224,-0.150762874447201,-2.42164531805651,-0.967707934521071,0.663883187945469,0.488370954494016,0.345484438134683,-1.10230501747506,0.645325719369167,-1.07691343621199,0.352941644319767,-2.56482104877248,-1.08997248317035,-0.752705205673102,0.54581903167351,-0.182671752730598,0.817249240050185,2.84370303337667,-0.318339957231349,-0.61434639789194,0.0726530989121437
10.594592812522,0.583187653435685,0.89601318433245,0.543567634250284,-2.58185544258076,0.43854532217057,-1.65560167487048,0.889245688268771,-0.395318992678082,-0.573889841083253,-1.56293418000864,-0.539094610070408,1.42522041865573,-1.54197485904382,-0.379328576092151,1.30487964912332,1.26647457336318,0.799017307379535,0.431947946799889,-0.824726992755689,0.291300372330968,-1.44770743439239,0.569894049495696,0.142784536490412,0.556537520646695,0.364280821688781,1.13354701368503,0.487930282130375,1.57351547675953,-0.0230724796732728,0.0130377447295218,-0.054678667865098,-0.654023514673544,1.17895065484552,-1.59841479237925,0.797986604519621,0.277455811154719,-0.0115194012809209,-1.55007085432229,0.791322900105984,1.02406527111835,1.5430575137545,0.804462875858041,0.250435754754496,-0.72191930841702,2.43143308793489,-1.93784735207881,1.26792541717924,-0.607474162749155,-1.07322789518064,0.823192087257371
-1.31556327741594,-1.30679883346442,0.138690996809729,0.75286121063539,0.77890003053602,-1.02941483034087,0.569509417915171,0.145116991571343,-0.58670237252988,0.277072702622078,0.234661436778458,-1.84149919464278,1.0959766553495,-0.125906424899325,0.434192902913088,-0.940724065538842,0.359137850595693,-0.00893789168791081,0.11777075263052,-0.231764201046522,-0.12748953065418,-0.64893548138727,0.0275380007739789,-0.626951776482548,-0.458843210320614,1.12966010142483,-0.516100043290474,-0.810139002797385,0.217098714524899,-2.04799912709643,0.570063618659349,0.12900696744478,-0.887915023700518,-0.423063822891395,0.669082473108846,0.293574299651346,-1.20545738085911,-0.553108431243241,0.0702220203658488,-0.588582740156264,1.37118514883875,-0.504795475928999,0.0990111125367341,0.320914622890749,0.172495985566207,-0.52027221171526,1.0513112251937,-1.13955622268722,-0.056301570708612,0.784629871862967,-0.973884181131628
-15.2508539622901,-0.540386073862105,-1.61932832236614,-0.808674127657869,0.292940302703854,0.713078103934547,-0.4712225866423,-0.818646626109666,0.461765386247963,0.263804022281031,-1.98376052979519,-0.790288951009079,-0.123835517987326,0.8915386353876,-0.115664294636564,1.33690041874009,1.04003821930987,-0.113555656919719,1.38680083405629,-1.40929534921512,0.801749811795501,1.10949564973078,2.2232335068411,-1.38061567709434,-0.0335947140774479,-0.22342773493178,-0.621433950661108,-0.468889712117164,0.728334974436501,1.63856257847595,-0.0163787070377962,1.96159150513553,0.765140491075889,1.29206876334226,0.545295178102144,0.576652678606689,2.59200363009101,-0.296727033058564,-1.27645682234234,1.21232538362493,-0.425457086313622,0.00956590908040757,0.473218227828143,-1.21254132377267,-1.20144539832913,-3.1976486829107,1.37457156966488,-1.30798570555831,-0.441299427681566,-1.31736810707798,-0.486678307912492
18.0053728239008,1.94769266473204,0.548397923014403,1.00111984739073,-0.0867079053484027,1.02826853911963,-0.0332096773742875,-1.23682286120429,0.0972093386659258,0.889458010501699,0.978032468135692,-1.09406812598926,-0.602283794919944,0.708696980773864,-1.29897046835665,1.83593170616585,0.567361013512891,-1.7798205611845,1.31080356527265,-0.489451881595667,-0.314966208867851,-2.56138782713487,-1.00259006171583,-1.7556612671311,0.928293785240595,-0.17922392923999,1.25877572324248,0.928153384850955,0.040991851618886,0.83569273474431,0.77204766261945,-1.12767967316755,-0.399571846425052,-0.635957918196618,-0.36627914697478,-0.524443428411883,1.01403755790801,-1.91849010809183,-1.37516707894253,0.691313842535011,-0.30676850739436,-0.881892596925472,-0.340594120383428,1.78890896123284,2.21833725798988,-1.31796215631769,-0.180876563085566,-0.412561713473471,1.22682425776899,-0.360513466350909,0.420716090249055
4.17634378802699,0.0535902703574544,0.195282153811252,0.456052504632617,-1.46635949546023,-0.570632725418573,0.377367067760518,2.31722564578261,0.676025564160287,-0.531691621911837,-0.325946806227533,0.463697367089517,-1.09613954622899,1.36548479826691,-1.44740649315577,-0.703934769978512,-0.734184199619729,-0.15840248480399,-0.245845863322459,0.622143941148231,-2.43031902608949,-0.888051519150196,0.182640088974182,-1.93552883145705,0.250595622642414,1.74147063737463,-2.28023434856434,0.6227004278216,0.270655775212497,-0.162715137969377,1.34397897855924,0.164379826479008,-0.980930470113522,-0.935271452503221,0.368613321620873,0.286120816062299,0.312642209678011,-0.217770424640003,2.42194037717897,-0.282907319779356,1.0596260539261,1.17565746703718,0.504529171672181,0.80636397636611,0.311596575909865,0.234524757071966,-0.486649363997985,0.655626502512797,1.2930224362879,-1.4125624488409,-0.430051033300286
-10.2218742598379,0.351662840555237,-0.806497994763471,-1.43425030743108,-1.0831794487358,-0.434008681840124,1.15771800072853,0.05072430823386,-0.748770541211451,-0.288876743563497,-0.226813295358415,0.0167654783920317,-0.311297069880495,0.146941158074239,0.117876700713241,-0.489700073207826,-1.44193225504807,1.11276793300697,0.424737454835527,-0.446745347181586,-1.36438118365587,1.13304816496594,0.600458605575438,-2.11809084845302,-0.331534390497118,0.313062773592684,0.303905393198444,-0.349451413600825,-1.03227954861646,0.637923605140886,-0.843671220975003,-0.0635263157544191,0.527316071783592,-0.24418530123031,1.37917139269918,1.09702775271902,0.907557988474816,-0.0598517375313949,-0.0932793268457524,-0.43706299009332,0.409489952042115,1.51867743560234,0.975102681200432,-0.0267401026483717,0.501766294418478,0.291192183556645,-1.57860905797135,1.11408843839495,-1.84205131359949,0.694464393193644,0.237758878725774
-5.94583853421469,-0.670976538993938,-0.108624235207127,-0.265304816278076,1.05773736712652,1.00531746476826,1.39864999962659,0.290835509741616,1.02555255241429,2.32423772161644,0.422330330420586,0.713715588458096,0.175138895811023,0.0343765615882022,-0.713256538016366,-0.862239418738147,-1.08636360380745,1.91848838759728,0.178541197772161,-0.315625655624855,0.267498225489488,0.630442193123239,0.619609246514731,-0.517452406458751,-0.59188755839019,0.863563135653615,1.19604860093315,-0.997656819810461,1.26447574493935,1.14007011155612,-0.25538938591676,1.58738713288232,-1.20972121592324,-0.115129666516243,-0.41044374652408,-0.577148630864252,-0.852567192838073,0.998750245845747,1.00090705648251,-1.07971590126982,-1.09641403294016,-0.866355061199612,0.674936437569069,-3.88166291219259,0.0923437132255387,0.412659307385508,-0.122113513305952,0.0505384974520483,-0.566119571618202,-0.0155564729931616,-0.0390466179602889
1.89122735987915,0.277953694806143,-0.250946623852313,0.641769163641739,-0.360320800556423,1.20354481603093,2.11850393063946,-1.81128973985174,-0.696595385421694,0.80506966941541,-0.193525353448563,0.372720397330718,0.530809920043939,1.35090452621638,-1.51039577650116,0.678578786886658,-1.00530536019033,-1.613377494931,0.109110586261049,-0.771357974867309,-1.77871548845119,-0.591059539114605,1.06398913231963,-0.695725708863401,-1.25492994203089,0.243776037768039,-0.0741059009908547,-0.964182967764642,-0.138421076523357,-1.4086838454473,-0.464180867041342,0.0354626293287733,-1.12446423216374,0.0236077310731144,-0.0508900026980541,-0.119305504574782,0.849920922426765,0.592823184196158,-0.0741499437460166,-1.33086102541716,-0.191692204849208,0.695245534006977,-0.376431795408137,-1.07054027886288,-0.755948051116737,1.23315525323926,0.616292651177898,-0.262957596857737,1.42745559127175,-0.230730664638338,-1.24415101815069
9.95895188121147,0.691171272874884,1.69934666853318,-0.415021028711576,0.350593765015391,1.49618269695644,-1.08745986950799,-1.14514768618127,-1.27713543553305,-0.824741470426789,-0.271016889226139,-0.631418735286571,0.906410806343135,-0.364784429284285,-0.29150438861163,-1.36870654517632,-0.429018599878844,0.371769306972534,-0.345157013778931,-0.660670000313563,-0.411255871614469,-1.34633842376103,-1.6897361981851,-0.875135485587828,2.5971467378346,0.550555801699542,-0.456769697821673,1.55958569809753,-0.966235082828429,0.123235977455536,-1.11965966675984,1.33929674960512,1.04858088822592,-0.605572756040884,-0.283214140731454,-1.07546566683309,-1.05870507602979,2.32710984316635,1.0297318894903,-1.05801829386645,-0.00151806333493119,-0.602663568531101,-1.23051592980131,3.26404907516352,2.15765018959141,-0.341054007180395,0.543562935051175,0.333340225547465,0.751776828615113,0.406084552721708,0.151911345719628
2.20062162112141,0.823795328706086,-0.344298796264969,-0.459575676223938,0.0282576561933585,-0.156598432207094,1.21603338663365,1.28087282215109,-0.0924237284355774,0.614007645477191,-0.264942385461725,-0.345194724933052,0.046753128925649,-0.820965911777432,-0.890669214597854,1.10793126486612,0.0180384236735153,-0.9234435848134,-1.11218414129778,0.160214629823063,2.62886074134743,0.537050320878981,-0.0603264979954161,0.178555349297301,0.250639074239899,0.416822318832096,-0.0100614382396705,-0.737917636674756,0.173635076268846,-1.60510925512277,-1.10524197631166,0.133688803660635,2.09515180208338,-0.518418510898726,-0.0662933762200216,0.410467266279882,-0.147894758793584,1.02394085379003,0.122769961262021,1.06977667023279,1.17356436037851,-1.30730129795716,0.0727193302324139,0.397561448557023,-0.265095206094258,0.132754064339945,1.84242442238325,2.20432272353949,-0.898629444602991,0.440038018872954,-0.259486516255584
8.01205191779403,2.14506502048029,0.0677720614042188,-0.792494015719286,0.473048261023495,-0.936030519727876,0.677225304631589,-1.35947002102286,1.84746361219518,0.0061836895959783,-0.553388216335727,-0.233673112843169,0.18479492819343,-0.447457109757897,-0.685476756136747,-0.751664609851581,-0.6674291868758,-2.30410442939092,0.564665808615042,-0.757814970662776,1.39529478658383,0.424586380819041,-0.730777736004665,2.42586244465835,-1.18146496149593,-0.799541433595236,-0.116480707298475,0.563557934447542,-0.0445819974617109,0.00452859263509742,-0.855044183719374,2.54360912765063e-05,-1.06362406199941,0.793874222828083,0.156018965773896,0.271780916469165,-0.293571396244166,1.17409993452562,1.02945882693718,-0.268613498878801,0.735842543741092,1.13299879737396,-0.0891646361811771,-1.16335473317581,0.991619224792959,-0.0406431783078937,1.88506554301352,1.50663164160894,0.456848483320885,-1.10062700001231,1.09522325266244
-21.2255670741847,-2.34694397836337,-0.650569726854058,-1.15853913347538,-0.919154727671976,0.352538646178498,-0.726376907647536,1.8849707369725,-0.929629455620101,0.506463292488822,-0.436707945368901,-2.4027098316998,-0.505011833228914,1.11965664048999,-0.0639322894309572,-0.860862570436002,0.968218245087137,-0.27664145044679,0.207867314188783,1.38598118465889,-0.748211955050587,-0.448983034596875,0.252796339967786,0.439381234401217,0.106297974032472,-1.28341146943566,-0.524144177818513,1.63523772040453,-0.791059494157967,-0.364690050605151,0.0334979012296731,-0.163254100117466,0.948588387056796,0.536851245434377,0.210617996430632,-1.6242610746301,1.19741166801341,0.383926592713435,-1.35357895791135,1.13792882052822,0.158141068167557,1.01496168179849,0.680130493625587,-0.0526667884236275,0.410308300469066,-0.363311795018959,1.24263102851469,-1.11448456807675,-1.76115830796121,2.40815170406567,-1.52815636852802
1.22479130446599,0.149591980615209,-0.487638515203085,0.710889998448436,-0.375823436339545,-1.28618864655408,0.112843941668527,-1.36860156035955,-1.03080015662025,-1.03627567570078,0.325086640286445,-0.841015659364336,1.09073222039182,0.209283042206034,-0.269658040436885,0.550004482125283,1.3910529261483,-0.537287976139533,-0.315336038929998,0.278047859640631,0.465594501550865,-0.274513011773128,-0.257853984973209,-0.266038681840321,-0.539839329801425,0.670415071275013,2.7570557590825,-1.3888094318084,-0.782779795461971,0.278487740406494,0.194691598169698,-0.930458392966883,-0.33119298026182,-0.625913455063559,-0.626750782587137,-0.561649338482055,-0.14877415710667,-1.5729009532563,-0.177291412820548,-0.175777069298402,0.593652451842882,0.683550078822139,1.07389925342343,0.279358737590374,-1.19955638577378,-0.433116454631847,-1.46265103735304,0.927023296135106,-1.01783186548878,0.529228702571636,-0.349274754036358
0.142018658290747,-1.34253148172954,0.303151237257663,1.26760175223824,-1.81283376431222,-0.272522855069837,0.0652135747816625,0.543940411562003,-1.31951435474925,-2.05818297186603,-0.782145090380946,-0.525577561742616,-0.185498225278187,0.583689377018137,-3.33467536354003,-0.49739803131194,-0.194148446293093,-0.0675169458087641,1.63054735753534,-1.23463311749916,1.33156784073214,0.179935430347627,0.410061045573578,-1.81453819905451,-0.212894566175406,-0.388423271902224,1.1366101348318,1.54859725552439,-0.40127542286802,-1.37340897505627,2.32977108878519,-1.4033252511996,-0.387811341891833,-1.1122179671966,-0.657767025863659,0.0526099681606114,-0.0464819648365039,0.664839952872878,0.0883882605376885,0.334323928770372,-1.00717607920258,0.00849999376508359,-0.333313492493275,-0.314330345058647,0.403245193590404,0.682606257166335,-0.479085597014139,-0.706929125437114,0.602702761042416,0.873354721684668,-0.473325265438618
0.926547304405263,0.553303075503898,-0.241974019629253,-0.143151055750639,0.288600211104964,0.156914836911099,-0.630627211085828,-1.2380301683974,-0.084205701767351,-1.18370158132938,0.521031960705619,0.964676071530322,-0.471421528771275,-0.686082182049888,1.05127376242621,0.290913908826882,-0.489157720389873,-1.6523774213228,-0.603987672604932,0.363641330158788,0.389092754593691,0.452076350804361,-1.3397393120534,0.202415689475887,-0.052979054769364,-0.0753122783628914,-0.106262981013317,0.206723528247641,-1.98754573364588,-1.94503692648553,-1.27252671010127,0.466800425235644,1.78780177396713,2.30746830384855,-0.762528769025001,0.528942345735776,0.960769445466116,0.0235916890759026,-1.06888011089698,0.0921359443751657,0.512553775291236,0.485558567033291,0.241749488252649,-1.10190248358749,-0.151941721744248,-0.275872074668639,-0.167461905921005,1.33056234301036,-0.935592691108315,1.1866634558411,-1.35951104559404
3.6235561493943,1.58996284269541,-0.481733567501898,-0.515028906343196,-0.189622581277104,-0.88181286823508,0.518855462766129,1.87713234257007,0.773902206997466,-0.521874618704523,1.88786051933339,1.16868779777066,0.633121870151052,-1.01849041259213,1.29101956711379,1.74264295355076,-0.524053526905322,1.39309821661968,0.00806566610715348,1.08686898108039,0.895789395960606,0.680015674039195,1.36500902371425,-0.707904100576263,-0.376868584371102,-0.38511698109532,2.01992506208599,-0.0611124214688964,0.455903964108708,1.65115067652291,0.426753114129259,-1.70192828139062,-0.476288522839212,-0.626964268300726,-0.534839652914693,1.32596374193397,-1.17917301055724,1.36450152547006,0.443976421224049,-0.167943288117114,1.74915496761214,1.31458798870699,1.76348878585803,-1.27716591665542,0.696838899332302,-0.634921322514324,-2.08772528720601,-0.499811736915941,1.20534416440774,0.156088053096154,-0.693313507497917
-0.447154570400938,-0.5868795943871,-0.991802864256725,1.48289118430819,0.0178602132113477,-0.121897825360133,-0.802944499856328,-1.44581007192707,-0.159947373446181,-1.15597623676288,1.58317807955344,0.0375256354082827,-0.272124450423728,-1.13475338265242,1.23824906704604,0.171098040885632,-0.535994038481839,-0.338886040826288,0.0362294626747062,-1.72536807940424,1.37665141436595,-0.62507244592418,0.908833119129858,0.901679003158067,0.244832573333689,-1.43308219571147,1.1239227259464,-2.33587829122703,-0.0343429324939708,1.21296073130413,-0.135401731193374,-0.145787188580333,0.506856714260937,0.735648767537252,1.16461644323113,-0.567738184205558,0.798482804965259,0.34946466422432,-1.62135586352839,-0.910133212958747,0.174485805234264,-0.0946008097266501,0.333028959697958,0.472145577840787,-0.187990350563114,1.73859577444574,-1.3309456319507,0.24503391892628,-0.582575512941222,-0.0610134868084288,-0.573400562388977
-10.1470653227108,-1.8323773062094,-0.28064913880443,-0.162588909926269,0.650430242426131,-0.855250672623498,-0.681623201308383,-0.153367397633767,0.863307542266686,1.70721090724148,-0.131827514909597,-1.05945038373576,0.792838797593903,-0.458250470323518,-1.90165631418952,1.66623092387058,-1.13589545603572,-0.0753261542940653,-0.21764653062908,-0.0802615916495738,-1.26397861212018,0.717227606640692,0.213459604299012,0.265834749522249,-0.0118397007047705,0.580484936381029,-0.875498464835159,0.102233305055663,1.66503088902791,-1.19132045491312,-0.748781389096654,-0.250693255568194,-1.31469533304323,1.59026169942859,0.541483258349375,1.13820191983635,0.05882702977412,-0.325928098542171,1.31116133997045,-0.921194937096118,-0.471970551687198,0.065778176263691,1.67023422254754,0.143149860090018,0.023383461667205,0.3553027714347,0.941360376978717,0.0587463170800579,0.058723259156793,-1.16391265642232,0.700568625422939
9.39215339533309,0.888139432652018,0.633017344180171,0.0417091744023163,0.310254985421182,-1.00572873499677,-0.0371627218534843,-0.945688620268739,0.969370877838314,-0.401445847310647,-1.57807665670464,-0.203198858763934,1.05168020506894,0.867376229903351,-0.442676356914958,0.280513906436464,-1.11788811558436,-0.702812147441463,0.838158212396083,0.235652766373512,-0.143482003390897,-0.306619312087758,-0.910917579651128,-0.0619568911718991,-0.289396420217081,-1.13785100849936,-1.32356842288703,-0.426369218416913,-1.23451700083024,-0.281979797459944,-0.883731213489036,0.806697561803571,0.0698778041987136,0.0630127431993988,-0.303366271413634,-0.676263601891313,1.67412823468652,-0.340594498732758,0.237892180570759,1.05350199342053,2.12595887918497,0.0863668470558841,-1.36690800808129,-1.45263478713501,1.4938096666964,-0.718066425769551,-0.472421405599445,1.62248191351854,-0.00974472713935213,-1.29234415007045,-1.18260229836847
2.88069913210539,1.59348847235627,-1.23981834310786,0.483039896138864,1.66835716892389,-0.913952390826423,-0.287274315226277,0.312404994137186,0.614129040152056,-0.0780482412004461,-0.769730898524023,-0.260522502158531,0.467590992515474,0.707050006321798,1.23726468585424,1.33259510479393,-1.24831579704395,1.34114089755902,1.8675922417255,0.599016742764424,-1.08289009953863,0.920545040616492,0.999769237438222,-0.0253184967587032,1.59250664449591,-0.269623668637099,-0.246917365174232,-0.56375169069694,0.0119194876682191,0.142131235516508,-0.0836337578508737,-0.960010615824687,-1.07781229076858,-0.709879329970243,-0.173574575367365,-0.0373557102511937,1.42699667829939,-0.0961364931083588,0.329153193930997,-1.08272665035063,-0.832750029794285,-1.28863490891513,-1.31455987017596,-0.258754369013264,0.83036776565869,-0.395293145752077,0.65114230157023,0.130536063056783,0.395972631512164,-0.79542024716299,1.34928085339725
6.56947128970953,0.516854670662387,1.76431406899432,-1.18012717392787,0.672614533611014,-2.07823365938166,-1.02602716734611,0.274724375018431,2.49691850680724,-0.689232419614855,-1.08930159997221,-1.50359284139183,1.57775777615221,0.22016399489922,-0.034628603802704,0.808199641246076,-0.914279306481067,-0.237151800021401,-1.34817012612782,1.88043677162221,0.739338349496384,-2.31095503190772,-1.90060934131921,-0.65019009824906,-0.121374615760762,-0.462657700696554,-1.78339718149884,-0.106472638413761,1.62515432854009,-0.177321349321397,-0.545709500437642,-1.34055978927317,1.28296603622353,0.728664125502327,-1.14246261951492,-0.427217389903282,-0.115981682800317,-0.876063757494394,-1.32283478787341,0.320041462224727,1.14925355594252,1.14874499428919,1.30704384625242,0.350200427413151,0.319617218346921,0.323810721043055,-0.220332222081788,-0.343465519518424,-1.54289265305229,0.278242205655001,-1.53636087745566
-9.24455510008708,-1.29567168029482,-0.0236798881530076,-0.663573739142793,-0.27751798802614,-0.140647123630006,1.39835918459911,-0.315442316406362,1.15526488188743,-0.703402591562885,-0.737530300591268,-1.19154648174911,1.19257919933482,0.317229802016674,0.870557707524331,0.394439997987379,0.73318039839875,0.317923161222627,1.93675480927368,0.380434358602652,0.239992723690089,0.345497801197929,0.495263775262792,-0.457658615770109,0.49962763438126,-0.839130656404101,2.18392171403876,-0.170588557147535,-1.63617056681626,0.971035466805161,0.43680137612301,-0.771410828575249,-1.98225719744085,-1.36768232329931,-0.242056490512137,-0.103305841298088,-0.601767313100263,-3.35772480495635,0.941934035169905,-0.221442072918392,-1.24684634516245,0.974373130404642,-1.30254656516183,-0.463176165660541,0.838075902338805,0.288701037634041,1.36823921837155,0.793793668528073,-0.552577136630951,-0.682477290649929,-1.64731651101521
-2.05702395592344,0.0546155753293754,0.199920483827434,-0.634649894213064,-0.146026391952837,1.2996376498866,0.836690245806831,-0.384367597987511,1.87487161677876,0.205669611113592,0.902150871456811,2.45707416564799,0.687808690022051,-2.30866929119094,-1.3583535270645,-1.19649879784075,1.7687343427316,-0.422384644245946,0.909853451578939,1.83527664847473,-1.09169035716684,-0.2558937065193,-0.549336689926269,-0.3577304258222,0.159126800202691,1.66496606382576,-0.0333021993073024,0.414905336641366,-0.380076700630281,0.524698639116952,0.0617021175146943,-0.242590768406938,-2.19071904146396,-0.310905534923753,-0.281643723463561,-0.791992623810797,-0.114115414795369,-0.712002717347999,0.623212342454398,0.129023310548706,0.949345219072905,0.328501634730439,-0.848623129237864,0.416009144484708,-0.570397458532614,0.880163141461745,0.212885056507294,0.767010408124596,-0.134479702235826,0.686911744384334,1.63706497898956
-0.919639841433147,-0.784649373191544,1.34719277764001,-0.701963031445893,1.70143183167595,-0.0293687831942084,-0.32989626381775,-1.42893573213425,-0.237557456684611,0.420175061477065,-0.349407016450151,-1.42140516618769,-0.540565676573646,-0.764126858487634,0.215011232119934,-1.0292934931276,0.0193971383191557,-1.26594751392116,-1.87040812071915,-0.823294126512621,-1.4527680973857,0.974532178905808,-0.657337469634312,0.482235442794566,0.437123423669347,0.829306964440886,0.55306493140381,0.488030131482258,-0.0655031781914363,-1.3277856195308,-0.188299567666544,0.460010575716655,0.086443393517773,-0.182634580368673,0.334158412651516,-0.741167046280962,0.049238927660816,-0.742362150135351,-0.241582813411703,0.387242997590196,-0.938140478699281,1.91164896796332,-2.1197321659119,-1.72486888255237,0.783867446429898,-1.20541449575514,-1.93919988653988,-0.675057958803407,-1.11135703186161,0.746832909996323,-0.502976851736661
-1.54951274845661,-1.04935281895627,0.0360734877996975,0.576850378871315,0.471357880571046,-2.23662183763668,0.534802256130939,0.963417689236412,-0.452779538268598,1.06371492649817,0.589929996734241,-1.17067119024427,0.692902562053593,-0.257215351771573,0.449079188725812,-2.96997898422175,-0.0211268075651293,-0.0848667240294297,0.14387479467235,-1.350656666615,-0.78169145663251,0.800272024954448,0.944090244320368,0.0866016018159454,0.775915270411312,-0.139861348581695,-1.22096133872374,-1.16602915093337,0.204630406790098,-0.501621533554443,0.47990287867425,-0.654014166034709,-0.682311366857359,1.84534621914864,0.0973137431595864,1.89415273823126,-1.44409180976887,0.360019200668969,1.63087507003551,-0.853253096599833,-1.00797376556754,1.77464625221938,0.154900327442908,0.995611924903171,-0.0728298026343248,0.976834879692009,-1.0952138803032,1.15225373161023,0.0915691061279358,0.438320312832281,0.495820015650166
5.86787123358772,2.33051196240471,0.824581130566735,-2.11308037072577,0.581700078573641,0.545030066464794,-1.20725318929326,0.613781621344172,-0.716751511848324,-0.727681436456325,-0.157808385064186,0.612728840110975,-2.19404045068874,1.17174699718393,1.20446178465285,0.148736080673728,-0.20600365937507,0.497415040528646,-0.306846352137055,-0.889057835512844,-0.79847980630272,-0.473594106469474,-0.916503543866541,-1.0203198595322,0.740122153039595,-0.455594818465735,0.371614886665592,-0.50460557777809,0.525876645519499,-0.601094918370116,0.771344156990476,-0.572562297222562,-0.10357087578189,0.728317716572251,-0.140824345566644,-0.182480345920242,0.961695659485447,0.644631740249859,-0.31569168542338,-0.901345437097999,-0.994209047129263,-1.02831893192046,0.554035568298838,-0.187385451506991,0.279261220653603,-0.561376253061927,-0.568635929210031,-0.109578042860547,1.07714028548882,0.792714913398957,0.647979415977286
-1.45600098466586,1.40270538286743,-1.70267185160602,0.260909682674749,0.666020696010318,0.830842052438663,0.62876731504835,-0.368554433216838,0.488934267717079,0.87370730789838,0.797873692753666,0.504072912631472,-0.954047150509827,-0.645359265523009,1.16217674209784,-0.289151645795387,-1.02953158364251,1.67471876953804,1.48358230142352,-0.160222462794393,-0.718460168273473,-0.959342642582263,0.133554560754096,-2.11373494734868,-1.35367103942288,0.373073713291738,1.28702106970981,-1.5408147615107,0.749247836634627,2.22472091927508,-0.967731459168919,0.474511983488141,-0.169058823000293,-0.568236119381644,2.49361807622718,-0.350644003146081,-0.793772911555606,1.39572816160907,0.755922208177872,1.42511711673438,-2.03866446186401,0.552070533214889,2.36972114324676,0.14616776615993,0.505845519548953,-0.105747047643257,2.96978336861726,-0.225795149519771,-1.63169816462135,1.22078018472596,-0.0169434731467434
11.5563569059459,0.942600850691525,0.480950155267682,1.14712719028965,-0.77890222515892,-0.497579143100874,0.576164732804108,-1.80704465956374,0.834201584080533,-1.38842423777879,1.0865618162213,-0.0336040264924301,-0.140183676637332,-1.79056185566653,0.190854336942394,0.417479874819017,-1.69915914412314,0.8786207114562,-0.978629949052099,-0.072056965170372,-0.251103709532607,-0.989347601532771,-1.13256819591346,0.475404836767239,0.0903896913609265,-0.37858168337563,-1.20194110790512,0.0743268417952076,0.639218277315609,0.0204209892249668,-0.673070021503705,0.266951987970937,1.4046349019166,0.076176164264441,-1.14745694803839,-2.19094292948973,-0.128910109030257,-0.118677739969221,1.02659133526865,1.06036382505433,0.721576257763109,-0.0421968346844172,-0.409741588367861,0.377131601718691,0.487494437980526,-1.58371065624399,-1.55466353089727,0.191630840142345,0.234797991437755,-0.326761074125677,-0.184490717410673
16.1605110134708,0.82625828715243,2.48355008932625,0.0147936485562024,1.16332484782536,-0.601027404256258,1.23622387908971,1.35543844331659,0.925864815459635,0.310031749366831,0.8349570023395,1.06778841116665,0.367150280498896,-1.07978552468131,-0.559199402522627,-0.0779511093124028,-0.672123269347973,-0.265201785109153,-0.864351689453781,-0.698292480919823,0.90160984079657,-2.07800649980206,-0.342047623838268,0.855625574224684,-2.03718225194198,1.28229441807631,-1.06041046553149,1.36017852807546,-1.7025907159882,0.449181870312489,0.242577478874255,-0.361035268613876,0.13159096934939,1.10503038442941,-0.443050142781451,-1.20641497989683,-0.599314280988082,1.01812801879368,2.09301490680519,-2.18618991686646,1.03503588742059,-0.705934971870177,0.875640160091408,-0.625664507027333,1.0780649356043,-1.65028465173473,0.494253347566534,-1.43018666596335,0.37508886332903,0.128478812059706,1.09863023445745
-3.15539289123915,-0.811540490191081,0.401364987505605,-0.311739243901957,-1.96454419520035,-0.512197814083257,0.475539637979171,0.445680166114773,0.943155152135134,0.190054214451538,-0.296865508488047,-1.08436433575367,0.0558580625514391,0.714448807495777,-1.18450209696377,0.679945791706844,1.82496444233573,-0.368942366325874,-0.864719255781193,0.675133984923037,-0.537177192425327,0.818046250794619,-0.998091210780227,0.501315382197311,0.592318412962079,0.919545625333752,0.22876835615697,0.468299445185584,0.897933962614633,0.450326187701918,-0.611007279046554,-1.23288365439145,-0.486306391284177,-0.458702432397494,0.722647436089796,-2.07439181751733,0.0314755906079925,0.8953491794158,0.0911878193160373,-0.95206026186539,0.3986541834812,1.64854404583614,-0.525368027535921,0.561778558299387,-0.780687163841013,-0.0850464507255672,-0.17026654633654,-1.78892128632737,-0.0987840791016224,-1.0357783760223,1.56148377472848
-1.19832187992987,0.476248280753654,0.215177170747045,-0.956196108104157,0.769170668260007,-0.00493237975734888,-1.54714748839026,0.164794791470315,-0.560074455140306,-0.163804703650924,1.85430135120002,0.565755522275279,1.85388686032127,-1.81294473383259,-0.112966312972576,0.15098857826032,-1.52664862429302,0.0474165806822011,1.37093754143609,0.995128598318977,1.26444164985164,0.816389424497437,0.618073107523146,-0.0373646625571663,0.310890737203496,0.9865423337862,0.829736379825167,0.238829707128144,1.26930996719235,-1.17182265916062,0.239618948887494,-1.38160164309518,-0.851983222090995,0.394499812479891,-1.04039072262314,1.46565445507108,-0.440271009647082,0.537187717464523,0.0227086885605002,-0.511290920047706,0.971309112609987,-0.794697511544143,-0.259916632617678,0.540837365667215,-1.55222640785873,1.25864930955233,1.73848258908457,0.115400817079686,0.801707214964554,-1.21835992343236,-0.0213398226663255
-2.16065242506603,1.02125840748109,-1.8157123529028,0.473413758540709,2.25977199341018,-0.0971479127091374,0.0554687978896238,0.0299777658780464,0.687699284289659,0.513490584493947,1.29833220197764,-0.276090810137596,1.2334889773664,1.04816889489924,1.02924678361204,-0.838140625939559,0.611491602641798,-0.918326904683796,0.187687669424853,-0.159759705563236,0.337677623309874,-0.905158134266286,0.245516201454185,0.000776485444794585,1.19687907254242,-0.315930228241391,-0.393263915415251,-0.593246568090549,0.514298228673276,-0.362174877096488,1.35289579644461,-1.28362873988771,-2.31074527502764,-0.950751381787323,0.784217970610233,0.853648718399799,-0.738676666237681,1.1984917095053,-0.0705338471270609,-2.02453810299861,0.183628229274229,-0.645275006800513,-0.0301796053863517,-0.508747183443735,-0.0880633542252946,-0.250090867911199,0.511905635911055,-0.0499997416792946,-0.433322655710256,-0.907252324816031,-1.02657118810317
-11.401793219852,0.645383074206077,-0.911739424232877,-1.51386407967723,-0.477272291383015,-0.0240353972755118,0.680062090936776,-0.676112913701211,0.219825420335654,0.900096290878568,-0.535241098192991,-0.825708875887398,-1.53345782563624,0.20271586719381,-0.687589335177104,1.83286889219051,-0.271248845751939,-0.748233029251953,-2.77424891762585,-0.846555577640433,-0.0547499909125068,0.592262636758676,1.00719557692499,0.144248617043961,-1.58665412406568,-0.23554203845811,-0.587714520814017,1.28287266950855,-0.339008174614363,0.298690685485202,-0.590724972387008,0.0109577786329394,1.3639569637227,0.690309674906048,1.24706013438398,-0.567618483017095,-1.63836963424595,-0.14606506565717,-1.04603181278538,0.889892749117138,1.66139725905032,1.62101297694531,0.148258404518873,0.0813393504142864,0.225790612040806,-0.0134287368772515,-0.959758670818077,-0.553842860383564,-0.211698872639162,0.0990514528278717,-0.466506956625086
4.4996095116966,1.04314355155144,-0.0490446908536225,0.164280997670587,-0.102580508795901,-0.127390337614326,-1.35020156979313,1.13604965148959,-1.0052373892749,0.119870961743243,-0.884331318677036,0.490220536519514,0.0704556078430764,0.281211359011229,-0.349450308644348,-1.20977207624095,-1.33408868686067,1.56687324661417,0.0179625176276775,-3.06828206384738,0.418238648831697,0.714548546117131,-0.0603442546090456,-0.449005965773432,-0.988846350704818,-0.719989118497427,1.42231905177148,0.0239336339800538,0.732951504580866,-0.79432536525022,-1.00147283174936,1.26635916271456,-0.416485400128885,-1.58408508308421,0.326030319664564,-0.0469467097807552,0.255584727433431,0.62632707097213,0.970005115661973,1.1405838616116,0.608779403479882,1.10199761323031,2.20784316968164,0.872435703051229,0.768186038980518,-0.368884366135281,-0.260313552354184,1.58047705779933,-0.00339224913688737,-1.0971973386639,-1.04546792151133
-5.71759060091386,-0.304369112693661,-0.405387476681813,-0.870865218565352,0.368696176156456,-0.131885620363053,0.245102444487368,2.16933212747923,0.373101163588465,0.941527406809327,1.86103301352516,-0.926531861094747,0.624654174666826,1.03205800807302,-0.147656106009557,0.377401902245773,2.34545382222571,-0.676873287061874,-1.56251323388557,-0.307293526977768,-0.925218987665744,1.3815417920229,1.22399612575605,0.559679019498717,0.908024215500364,-2.43292079831763,-0.485235354596168,0.580780672051954,-0.49217562008695,1.88750742500963,-1.3344589514433,1.23754453894742,0.273919668443872,2.20012547221763,0.207742200690848,1.71296738852346,-1.38965458526208,-0.891243845737801,0.177840997734142,-0.615078424002218,-0.55173138219374,-1.41466944610356,-0.580509676352323,-0.993539915647006,-0.116321779585564,0.576346296564299,-0.542994560549329,0.0307696521502477,0.772462969691308,-0.399845970107163,-0.495173878258715
28.2838290403634,2.47711091696297,1.13038179784685,1.59332899431659,-0.535432993982554,0.453742255459208,-0.30734853595201,-1.08901928973116,0.469391569129991,0.515489285009958,-0.270592091450503,1.60254989142619,-0.223982210338797,2.29387855362419,0.427033657330538,-1.07929478029014,1.23433700190233,-1.64039631966703,0.654968765269946,-0.848014869546675,-0.541994400470456,-0.486275989130867,-0.0230371249369626,-2.6535399165163,-0.64940009220176,-0.438538116431374,-1.77433475107151,0.0219823702704115,-0.189167284340289,0.588187897638789,-0.753627015975954,0.110307812688159,-0.354279746992822,0.818856150103985,-0.129065449272295,0.211953135250666,1.16195582776499,-1.61102563033793,0.0414183182844686,-0.261923121449144,-1.1976177989142,0.81083386500536,-1.06967369623936,-0.160481733553637,-0.456185369363882,-0.49651398094688,0.311810362926496,0.00631751040099711,-0.208757835850006,0.137427632654721,0.114167118971598
13.3600479005869,0.971220673037445,0.815464735072572,0.646597522791782,0.506601941315226,-1.40633583435868,0.731364566537447,-1.10272609747138,0.0646260775971036,-0.554761433744087,0.585640905630645,-0.860891020026199,0.351170646069845,-0.0592560273875868,-1.48696990946078,0.0131917858307359,1.52505789994092,-0.543869979042951,2.35021978430152,0.984247516153845,-0.0856552702315856,0.337212146169791,-2.03966604663038,0.0481704153088254,-0.483290589236804,0.831543195019437,0.421192660164305,1.49370550388205,0.544156546645901,1.15567927899971,-1.03551501093753,-2.38190961459487,-0.380788638083575,-0.0756278396268802,-0.394581371804289,0.13357554475824,-0.228146345913542,-0.581027643050812,-0.235696779494386,-2.05367014194485,-0.56123838009713,-0.125202996655577,0.253574329788397,-1.41818166036148,-1.33851748378792,0.776777856445163,0.148489257141333,0.271710359967031,1.97620108240432,1.65546871242803,-0.806722982435416
11.6182098334713,1.86709918456672,0.0764175190481425,0.357369685182645,-0.150557097589785,0.210930786953303,0.201381806056948,1.3026361736082,1.00481544153691,0.77237690187241,-0.57705777451534,-0.365513266132811,0.122204457677413,0.41140135589033,0.558629046995213,-0.0962640211149256,0.581108801673337,0.800526280833942,-0.560182619980149,0.743879779650814,-0.0203971465329966,-0.645625377377398,-1.37695318912014,1.28442555907957,0.537270015462541,-0.101161649246299,1.44855365331246,-1.67062652708468,-0.701439205169098,-0.874387776351248,-0.225655764053199,0.674144155590146,0.310742306731041,0.281211529280795,0.451823618496431,-0.130548047322414,-0.654123739567867,-1.02983546186307,0.911043567741969,1.64259460017328,-0.10757660231226,-0.652253716057984,0.128648264499803,-1.66245450854336,-0.383289338487612,0.0136625677778173,1.40308218147661,0.316350194042538,-0.644623047073823,2.84568864837523,-1.70126401405916
11.0197565242499,0.672042469014787,1.45374735124973,0.102393063199646,0.904243556201491,0.752336089487975,-1.57546283286894,-2.77832551031467,-0.373829419912398,0.743596307802129,-0.319014908963697,-0.0063319207701284,-1.80355741947249,-1.27924167964432,-0.235439675631082,-0.500069378562987,-2.3611002154132,-0.694628676283931,0.101989478488531,0.0272461396138034,-0.559597804023691,1.43015673240866,-0.290606660617095,-0.461560919296712,-0.514664539059651,-0.179945673908593,0.451825800864283,-0.440276047790991,0.281923275335301,0.258656813944025,-0.794256839531355,-0.105002885342483,0.793401910132329,-1.3585075668971,0.728198299474904,0.91758070609934,-0.773419935770594,-0.807551110004272,0.528377276983268,0.90017574970408,-0.41259725091562,0.91612500016588,0.348137312985972,-0.0199026397915863,-0.311932856265393,1.84094433745336,1.55151261089796,-0.00578186818081071,0.409751038432918,-0.514050421105007,-0.296164469481216
-1.75376199695906,-0.307953380837338,0.374121083436261,-0.67526682519505,2.24203613746722,0.138379546739843,0.0235387774392653,0.341311560625632,0.936108504080527,-0.589652483851754,-0.314025132783036,-2.38053077692356,1.00149540104933,-0.426501851333175,0.215797961536886,1.12009717844574,-0.0768439554879483,-1.21827015500706,0.19535999999379,-0.486786795022441,0.554836578075976,0.308538089223252,0.711085675532915,0.100318788613909,0.595329490060589,-0.360328186573833,0.461177976181972,0.367741465116536,0.37556091148523,0.0584444913811801,0.688836309848471,-1.56262817344001,-1.15527925703486,-0.767093631820511,-0.10272820274492,0.897344583605636,0.576799541980643,-0.16270516119412,-2.75470244148869,-1.31030560392764,0.912290553452548,0.700627340753591,-2.38719212235299,-0.178991205173723,-1.85956684016831,0.31202131621059,0.105061572166114,0.18023356910248,-2.66077606407349,1.1657441675148,-1.24225171122995
8.30037527810982,0.536523716710872,-0.170904055752574,0.972085023739425,-1.19512289061954,0.159680012366336,0.801641111029374,-0.22354978608396,0.844988588944067,0.626300197611125,-0.659338640685932,1.52081963387357,1.1992198328312,0.849957445130861,-0.0717434140692806,-0.723007719260849,1.38042639190707,-0.472641433978687,0.25764373558585,0.143642006439012,1.18062940865942,0.278931704829655,1.45710476343204,-1.11349388026224,-1.23719225736758,-0.668160152799463,1.34839006989454,-0.217818244292422,-1.14562056405615,0.822544348231614,-0.788063952538943,-0.600812425138197,1.6705442311768,0.535221510019747,0.869863841662819,-0.072716858447199,0.699687484865618,1.04308990056184,0.477067269337355,1.68058340107547,0.234000106578103,0.378596533817351,-1.01848804084702,0.282928183715021,-0.975675105902791,0.184046009961766,0.23122694453051,1.49020257221669,0.104740501185122,1.03979908046047,0.521458504274068
3.13391958057719,0.824870065351676,-0.502212811850508,0.755869929249423,-0.418522566091345,0.228435318230386,-2.55562737471212,-0.198771595185693,1.09265815925723,-1.87636574262261,-1.22315981348816,-0.619902119718326,-1.42600469004381,-1.80301321221126,-1.6511812686051,0.00959022762093077,0.00143238606411348,1.21753734771838,-0.478839921873459,0.261067964354248,-0.969743115549175,0.228292155206748,0.571763475378945,-0.0261637647844682,-0.95048170572338,-0.361833411647274,0.449625298007934,-0.616354424644092,1.38976054671192,0.456708593820783,1.83803577897405,0.228182516416028,0.109682813432847,-1.48663350111862,0.491677653828187,-0.424516702699896,0.573592359954587,0.636658151735331,-0.164906103962788,0.92447185042688,-0.842520992611649,0.562247130771957,0.42787768968478,0.12345515623928,-1.61479529775552,-0.0182971985173945,-0.514622360935309,1.93421214727546,-1.07659686397677,-0.197797119996578,1.02719925495401
-5.06018489188945,-0.963901479013802,0.543522107940633,-0.428285623067143,0.798251394698956,-1.16278371681341,-0.526910680949149,1.63330267976011,0.62924459833816,0.139846103375189,0.109204125634682,-0.484028904135812,-1.15418497366989,-0.96955396616367,-0.733304145196212,-0.628588184977706,-0.390438590067819,1.225465622072,0.132821752018746,-1.24999029413128,-0.286564684337434,-1.99336453181168,0.541355562614275,-0.781000859312611,1.24559102786038,0.239828059316362,0.665276643032425,-1.17266134773681,-0.478474137454336,1.09663041619604,-2.56241991941222,0.729509588164707,-1.38075932132711,-1.1606217415408,0.163694346166846,0.218514402044418,-1.15948150663553,0.325014896067287,-0.356636021885014,1.10864563349143,0.843790354492196,-1.17043766629504,-0.966541327664228,-0.513946749085618,-0.869927133040199,-1.36287622528953,1.47501187253427,-0.720326717009905,-1.05020460258196,0.462188026430509,1.34973528132933
-10.0456732479501,-0.855082511099791,-0.505186002851623,-0.713924763715124,0.49817216339198,0.854658519406795,-1.31285889063513,-1.86962151313391,1.03723457827919,0.240304173890825,-0.234407400094629,-0.926160966588346,0.195879382958877,1.65067878778122,-0.001886288557124,-0.504443449644127,0.43182371980981,-0.532487614652709,-0.529236442846417,-1.55257237946454,0.850792818658572,-1.50017813870525,1.4303151406204,1.41748027844197,-0.843154530277911,-0.694779265037183,2.08576692204074,-0.887915887068782,-0.543914024563053,0.162203686707886,0.963268689134208,0.364541727872544,1.05194461133951,0.535851775313679,-0.560166637406193,0.518237706452226,-0.557425780800208,-0.618084257907364,-1.08742040545767,-1.28040721884875,1.11926899645514,0.226921233002645,-0.515171996364269,0.478839557700892,-0.157583066313049,0.16084327859442,1.46743441309509,-0.367629145616394,1.32940181987815,1.80552053428058,-0.859857520489845
11.7257560983248,1.88694694202566,0.786795789402013,-0.190384065567216,0.11956022337119,-0.242095878590998,0.800861346328534,-0.250088846832421,0.870617069223843,0.119981971277342,0.161944646775609,-0.2859256147179,0.489033101349929,0.665956923522699,0.700392753856694,-0.0859780511556318,0.629972931337979,-1.60106275812488,0.44261124986252,-0.624421470468245,-0.171405773504695,-0.651634658085591,-1.77328798910173,-0.42742062476938,-0.425433486335442,0.814134396511187,0.400715948889388,0.294267271102169,0.246038815262907,-0.17829286698018,-1.55946642376118,-0.637504516416125,-0.617644634892508,0.493746148153043,1.8135768994891,2.07742264065894,-1.25699097600329,0.2265594450882,-1.30699827279216,0.377082486325849,1.48000139855743,-0.150215166587966,0.691980773404429,0.967290200559604,-0.154833069359658,0.379686626116044,0.725243345863843,1.08611232890535,-0.203368886764014,0.716010702826496,0.317766915136097
1.67490296608477,-0.391819371995182,0.300949401608442,0.399864811716241,-0.367202719244542,-2.01599542236092,0.713100770525419,-1.37075933382291,-0.627408385081134,-2.01171066394144,-0.85590387566537,1.58779536109287,-0.0301505554990925,0.361114644091802,0.785836536099724,-0.203284545542161,-1.59038903758595,-2.81050337306495,0.689452507772513,0.622722310559225,0.511891811345361,-1.73156034235075,0.819141513531169,0.498590367240442,-0.848558340035549,-0.427324104680642,-0.889412464940309,1.24751610754086,0.0147344472286727,1.99873573787803,1.39808346692515,0.760274282248391,-0.00746537086435184,-0.631465653842043,-1.85658018040218,0.158136377281664,0.380448546337706,-0.827581854944813,1.10694227792602,0.373760650054608,0.282808141714986,0.294351221031393,0.171729739940091,0.584533252955577,0.401090013339016,-1.18645789427405,-0.0816096192989732,0.191037453442472,1.03821294232525,-1.5437158842493,-0.541614246257503
-3.82012169986413,-0.980632948949986,1.31022390674737,-0.977844914504154,0.262331084814879,-0.227690493304772,1.03191486258691,1.45126184360921,0.435728987815825,-0.373660220139208,-1.21360970592544,0.659089022784725,0.16218068298852,-0.487798793961118,-1.02470968889282,3.04968620858383,0.587847118879337,0.123511378467974,-0.764094429266276,0.0721119279191423,0.70584925789929,0.445640798065796,-1.17440117127908,0.260709150062581,0.0154750284555276,-0.412431381792378,0.352548117119904,0.192599819187369,0.326536132512793,1.18346393246162,-0.72962505814475,-0.610892147065945,0.810974182755656,1.29307480240341,-0.939276340727612,-1.83534118207465,-1.18792902332899,-0.230150784982836,0.830114648090363,0.335561708036011,0.456322910432091,1.47925177527163,-0.948132976395269,-0.36839538040173,-1.87531967138068,-0.406181061383074,0.798703454162906,-1.12692184678443,-0.454310792669122,-0.785504339124751,-0.236114227271847
8.77111200126328,0.687332100557042,0.798433770272113,0.183736909549099,0.262704124824336,0.224169832616975,1.68180849795089,-2.13790977489325,0.239406941242699,-0.997170337995326,-0.0677214749205774,1.20629787922748,0.106499487995292,1.42838225761376,-0.37409459060045,-0.986570999217687,0.295865661430514,-0.156014160019648,0.0873659964884403,0.271108953033582,1.356734587335,1.32944320893897,1.21380691275284,-2.32042530360012,-0.0747205306591229,0.0545934977958639,-1.17828210880175,1.28749296066393,0.391653013857716,2.7021261452068,-0.768942952913968,-0.388906187955677,-1.56557460813062,2.39289517092771,-0.493761461886213,0.403688451233957,0.635626408629372,0.309497510984698,0.0362348591060638,-0.766482114095933,-0.0880250324264962,-0.205460634230189,0.421965698877769,-0.702587437508452,-0.38625714494968,1.28285836732053,2.39518591085955,0.083532048830558,1.32703338787564,0.318821236997542,0.127002538129899
-7.62773995236373,-0.505043517520896,0.850860437614436,-2.15031052974374,0.640738877993306,-0.736824921622573,-0.226310395891985,-0.577261047508329,-1.25612038015712,-1.13110230943143,1.45646853631126,-0.0248296420195276,-1.17696686687013,-0.904252644070332,-0.743648960606196,1.17333057390589,-0.820627980909388,0.520191673796121,1.40971153109392,1.24923191735838,-0.891784301890928,-0.142263200827322,-0.958635811198239,0.318639468973844,0.473635812718347,-0.368501526294785,-0.601810338627644,-1.07928916375279,1.01531523760606,-0.545096625750545,-0.425157040841089,0.32363741508132,1.19653399718413,-0.836337531766262,-0.138174201806663,-0.632130042509856,0.253253394206148,0.925139136947398,-0.297388227211592,-0.748592085307897,1.35710000632606,1.86012295969942,-0.575134217006745,1.24720900513234,-0.706198381872036,1.0927013127005,-0.56683150927972,0.751808754619444,-0.193258454135066,-1.96847129794769,0.487614723314839
5.77229698891495,2.15771981650642,-0.443567968094689,-0.622966525745903,0.307089830771924,-0.846710740540237,-0.197929031882538,0.236449451555428,0.223569883477509,0.0152093642297062,-1.44293895720096,-0.904587351885264,0.934429427085438,-2.09369369551605,-0.674708287362035,0.319239739006528,0.349401053457032,-0.895101962004635,-1.14109138661949,-0.951762924506783,-0.648968984054553,-0.133638646878834,0.0703430070833923,1.59617560946672,0.644483869264353,0.93449224514698,0.700320868935617,-0.140832878722216,-0.455490550415652,0.106620264033243,0.391784358240839,-1.37726584846047,-0.572885801129063,0.272763476168741,1.11286942927964,-0.778524260543124,-0.384153012687335,0.809507255301659,1.41284139048302,-0.152355812006214,-0.161340180879281,-0.961615827214185,-0.398204958840407,-0.589266897709624,-0.565969991387204,-0.340686935426629,1.171205288045,-1.62957598088525,0.59508526221736,-1.83198034381612,-0.501010083622064
-8.09665672954246,-0.599797563824836,-0.446774787609579,-0.765439315770125,-0.0331294007767504,-0.111458860216438,1.04370225232125,1.09985656336821,0.504589868971938,0.403705380851042,-0.512529893822928,-0.446869813890387,0.421974630276405,0.921678980747322,-0.6763354211275,-0.527329799622639,-1.37775333231426,1.34434630576748,-1.64711747706384,0.934460065586209,0.14253646336494,-0.0888117703288599,-1.15705292973031,0.462132289239994,0.915913478911632,-0.933514376577486,0.0114372875199572,1.4482201098816,1.62063952007513,-0.375067021533494,0.0724904113649067,1.57437360558052,0.0511536966723419,-1.28423145314248,-0.372687361460824,0.291187823077541,0.215924085267974,0.0270362191702127,0.595638982493039,1.2711275358642,0.209653513896748,0.0292736259040032,-0.577679954559021,0.134069537323504,0.350980205820791,1.22224426513024,1.89271216081532,-1.87771698157654,0.352266518822915,-0.0695919564622406,0.0651290811875126
-0.370793746396169,-0.694546693270751,0.0133050417761504,0.464309418783945,-1.37475052682553,-0.311601656365262,-0.441737347594983,0.561282713650655,2.11701460983184,-0.541210513948429,0.243983791925416,0.125085620440897,-0.503018994751964,-1.84902280672721,-0.973637503027373,0.28386198149986,-0.863762461853148,-0.345904386996657,-3.12612546259103,1.20449184125735,-0.731715647431931,1.61339180907397,0.531391547892095,0.127343254732353,-0.831545099266292,0.402861157671335,1.24192156037168,-0.861944017264133,-1.54508762388999,-0.229612630177627,-1.28990713112575,1.23642330217232,1.52654491465466,-1.11348492833645,-0.836913931445751,-0.91199645273901,-0.530212577188901,-0.571742720964832,1.18779035684969,-0.0513765780509094,0.243900578873739,-0.234444250784424,-0.782776303879406,-1.35970007003841,0.389386396020234,0.333736163280633,0.232451047012687,0.216612251118082,1.56169473047236,0.086179319990002,-0.334145740008716
