"Y","V2","V3","V4","V5","V6","V7","V8","V9","V10","V11","V12","V13","V14","V15","V16","V17","V18","V19","V20","V21","V22","V23","V24","V25","V26","V27","V28","V29","V30","V31","V32","V33","V34","V35","V36","V37","V38","V39","V40","V41"
-8.69764716236606,-0.626453810742332,-0.620366677224124,0.409401839650934,0.893673702425513,1.0744409582779,0.0773031227369236,-0.341066979637804,-0.707568232617297,-1.08690881697743,-1.54140256690726,1.13496508865819,0.241895903606986,-1.55703574445065,0.341248399134537,1.54688133441627,0.850043471893941,0.344194027368263,1.62120288295757,0.714085544432429,-0.570994285312183,-0.88614958536232,-1.34105094793775,0.916938037311124,-0.31168916045945,-0.374328923033932,-1.8054835556734,0.940336801971125,-0.405339182535091,-2.10406016701808,0.781041199021309,0.739114919951308,0.315704738438078,-0.113154404160432,-0.445604337044049,-1.04818566127778,0.520599678232113,1.72907281236682,0.868164976951994,-0.728098632558749,0.261897335019092
-7.92850076125661,0.183643324222082,0.0421158731442352,1.68887328620405,-1.0472981490613,1.89565477419858,-0.296868642156621,1.50242453423459,1.97157201447823,-1.82608301264641,0.194321069901269,1.11193184503695,-1.13275941105242,1.92316365296288,1.31616716303968,0.178920971863378,-0.925312995099251,0.0127198373321256,-0.329102801964517,0.581384629232897,0.286539016362005,-1.9222548962705,-0.0457072264322655,0.809273076943848,0.205749057657957,0.995353828138999,-0.678040681614833,0.787855190484349,1.94067151189577,-0.0844394715433643,-0.0465093112055673,0.386608728066216,0.163891391957584,0.856479837145619,-0.676393950958979,-0.425548811589155,0.377561918114446,-0.814992277673091,-1.4843701024496,-0.246700356153367,0.107699062836372
4.49107079638718,-0.835628612410047,-0.910921648552446,1.58658843344197,1.97133738622415,-0.602997303605094,-1.18324224043267,0.5283077123164,-0.0899986806477491,0.995281807292567,0.264422549440984,-0.870777633605343,1.48990741365323,-1.85682962839986,-0.959776483661365,-0.282546591643236,0.893581214441206,-0.873450133188962,-2.32640952744011,-0.146723902426033,1.14761985588741,1.61970074406333,2.18799111569512,-0.711622278677474,-0.653986924827893,0.102143508821335,-0.473358051207888,0.086941938083387,0.484965261176799,0.756329418893765,0.0957659305814221,1.29639717227091,0.957658356407617,-0.185584100006361,0.411605591404383,-0.234873128142992,-0.623658808865915,-1.6902329841028,-0.400899287124506,-0.613615678060157,0.83092160102577
9.22105960527089,1.59528080213779,0.158028772404075,-0.330907800682766,-0.383632106288362,-0.390867820723137,0.0112926884238996,0.542191355464308,-0.0140172519319242,-0.0118617814307389,-1.11873516870975,0.210731585072843,-0.248247104968965,-2.10611843559503,-1.20557521138083,-0.76729877857509,-0.941009737811872,0.342800284341219,2.1929979995365,1.50698177745129,0.139558702073078,0.519269904664384,1.42209579552564,-2.68958517903653,-1.15325770732252,1.48294372773341,1.0274170786444,0.0328009706043174,-0.202097263385456,-1.58071605182192,-1.33525786575587,-0.803558357507768,-0.131096323056634,1.42805184990289,-0.586851419692244,1.19028908800751,-0.572610525202765,1.4909444628374,-0.639347683628521,0.103947848541539,0.86127447440696
-0.661596269013449,0.329507771815361,-0.654584643918818,-2.28523553529247,1.65414530227499,-0.416222031530192,0.991601036059367,-0.136673355717877,-1.12345693711015,-0.599628394751609,0.650952956147074,0.0693956473744585,0.183583707943453,0.697648526944346,1.56757305821464,-0.576404240243122,0.538952094101553,-0.177387754282478,-1.08247997639693,-0.279532643245176,0.0889266087987601,-0.055849931834021,0.183247021476489,-0.567047025402639,0.527490918982484,0.560048682854967,-0.597387568754006,1.55285735482629,-1.16962858408659,0.707245954901412,0.548785906763871,-1.60262566858643,-0.0467621436638845,2.08176744409335,-1.27436761285349,0.540713722714863,0.312501153196823,0.703633074954809,0.216391047256349,-0.800578552066803,0.330309251687885
-0.0297752163348277,-0.820468384118015,1.76728726937265,2.49766158983416,1.51221269395063,-0.375657422820391,1.59396745390374,-1.13673385330273,-1.34413012337621,-0.177947986602105,-1.032900238582,-1.66264885284192,0.404871009439746,0.907444407728329,0.225285799791068,-0.914855840000763,-0.181974398105336,0.921433254590606,-0.506360967360063,2.02773873329871,-2.63015931699317,0.696417610118512,-0.652932838380961,1.29919883255821,1.39391910941029,0.142450958926083,1.15984937728077,-2.40487804171393,-0.36984609500006,-1.04598767279121,-1.90524352442387,0.933250970552304,1.08256389412699,-0.567490105106194,-0.896895577360802,-0.0892645085836935,-0.707427833089473,-0.962693580057455,-1.2611376296688,1.32370390419044,1.08996243416515
1.29165369269957,0.487429052428485,0.716707476017206,0.667066166765493,0.082965733585914,-0.366630945702358,-1.37271127092917,-1.49662715435579,-1.52315577106209,-0.425981341802302,0.659201499417982,0.81083998017723,-0.994124469309423,-0.195988198884024,-0.92241065744061,0.369910961287378,0.891767594965122,0.300944402209543,0.0959189568330369,-1.19574019582924,-1.21722083212186,0.0535156788292137,2.04255931610422,-0.190291544554818,0.18163055610461,1.82967173315288,-1.33322688049967,0.167329284881351,0.7597938360206,0.259141334355496,0.204274368167585,1.80608925390866,0.0560942565249199,-1.08775642392872,0.502660142336353,-0.712169251646416,0.52120348534775,-1.19753699209426,1.98796868828322,0.0311640787660535,0.598788527130083
-1.24945240935879,0.738324705129217,0.910174229495227,0.5413273359637,0.5672209148515,-0.295677452700886,-0.249610933042319,-0.223385643556595,-0.421968210382174,0.996658776455071,0.237829399627714,-1.91234579604708,-1.08542932956727,-0.2068204879556,-1.07377241040219,-1.46768436330169,1.32920820523491,0.693386752709799,-0.120165257941563,1.31231789167378,0.749152578850181,-1.31028349719307,-0.234491194840375,-0.638048333690776,-0.0693015234885069,0.51839780051344,-0.925755661705498,-0.403126681401769,0.197789090006425,-0.00168481801484885,0.408038985917213,-0.0565036325646403,-1.28160861483983,1.32101019376084,1.90002976380246,0.504211151987834,0.448187980908179,-0.00087742278126087,0.982304768120544,-0.82361367332353,0.497042617000752
-5.89598098533159,0.575781351653492,0.384185357826345,-0.0133995231459087,-1.02454847953446,1.44182041019987,1.15942452685555,2.00171922777288,1.36092446408098,0.727660708501531,0.71527594710452,-1.24675342879504,-0.0485425545297223,0.725043170475101,-0.552358285562395,-1.74536197840808,-0.103466125206476,0.325471906278775,-1.51866762967456,-0.524007512771118,-1.41593292411236,-2.12306605809801,-0.891424766586292,-2.03538388162579,-0.294465386532543,0.691874261922361,-1.07449512530901,-1.74584369594497,-0.454736260732719,-1.1755530761172,1.42675103863215,1.88591131889724,-0.894781474745017,0.718161850872941,1.55883385955605,-0.106643065219636,-0.50532260598478,0.70100820351679,-0.306820287945659,-0.866751731322283,-0.458069801278381
-1.19903697113924,-0.305388387156356,1.68217608051942,0.510108422952926,0.323006503022436,-0.697538291913041,-1.1142223478436,0.221703816213622,1.75379484533487,-1.72663059586351,-0.93848303919385,0.998154445057314,0.576085600512206,1.3987189554318,0.590461401136985,-0.66738180392146,0.615064610722324,0.408051022728875,-1.51058506284295,0.354249509141301,-0.112382661837672,-0.208078589007654,-1.35747030552191,-0.604372355447083,1.41403033530268,0.0280100358299621,-1.45111649529909,-0.693843121435514,-0.920596783051049,1.7446287628424,0.92527077217127,1.57838342842404,0.773424650206942,0.71950439392656,-1.10554389683333,-2.58369319584055,-0.206612153485113,-0.247341223656038,-1.31316352225554,-1.25258157877411,0.917465292392433
4.7393998100629,1.51178116845085,-0.635736453948977,-0.164375831769667,1.04361245835618,-0.38816750592136,-2.52850068885039,0.164372909246388,1.56836473435279,0.35339849564175,0.0953540096781045,-0.540872744514261,0.0738305318446132,-1.59055514942723,-0.527275410724916,1.08427900648207,-1.7997723953362,0.759842255891014,1.3956049282303,-0.0716744876824941,0.304032006042898,-0.312786579520356,-0.584027988054509,-0.808161889076339,1.09999772979784,-0.165045150669891,-0.588732163860088,-0.139666180672888,-0.107707243347335,0.718274506554942,1.02432421695447,0.502284624314142,0.767374221526486,-0.965098230744749,0.177198675638348,0.95219954630777,0.0296140196264106,-0.00627671028705999,-0.907211164521709,-1.0501979652639,-0.410338311347776
-4.72630945453907,0.389843236411431,-0.461644730360566,0.420694643254513,0.0990784868971982,0.652536452171517,-0.935902558513312,0.33262360885001,1.29675556994775,0.726813665899557,-0.462819419956343,-0.216375790780247,0.705945571302218,1.30449707663973,1.34184616376387,0.122831641432163,-0.262705141643009,-2.28715352045041,-0.708421944079962,-0.133144306285028,-0.354012804948049,-1.05823570968124,1.66809511696324,-0.606779178488506,1.40441124180377,-0.721035051201547,-0.115384286877128,-0.458237969382293,-1.20366246848664,2.86214274756396,-1.79814212000501,0.429914212555579,0.700973996863718,0.166458779385684,2.03191333156703,0.474662612184572,2.05234415242859,0.144663709532657,-0.0926869504167684,0.826524800809867,-0.826102840033129
-1.03966460413443,-0.621240580541804,1.43228223854166,-0.400246743977644,-0.45413690915436,1.12477244653513,-0.967239457935565,-0.385207999091431,-0.237596251443612,0.668260975976705,-1.46888215609457,-1.62193729284198,0.334980103391354,0.196011733697651,0.243844628486594,-0.494249394753101,-1.21014187687842,0.517838261588457,0.827938353109991,-0.0880773843693027,-0.851242489529453,0.417223595566457,1.08574335585037,0.0869088205053803,0.623132278005593,-1.28183022270816,-0.720370868825172,0.983996778132203,2.67487085888599,0.717986146751108,1.6023218783602,-1.26564552888479,0.538885494187403,1.06034336593422,1.40906126047474,-0.442791771819826,-0.768557600478008,0.532446118204135,-2.50332774743482,-0.843670255924305,0.0458334373317726
-12.4881714522042,-2.2146998871775,-0.650696353310367,-1.37020787754746,-0.65578185245044,-0.772110803023928,0.0474885923277959,-1.39875402655789,-1.22415013568071,-2.42431730928421,0.152686505521528,-1.45096396539936,0.545387805924617,-0.339343445485698,0.195880789394313,0.669588183914499,0.204477252550871,-1.34723625828609,1.70775583721357,0.917788931310637,-1.46117307516936,-0.315451534215849,0.557528328618703,-0.234297029397194,0.273942896727816,-0.222848820825283,0.0033002573416574,0.687225473437696,1.57246508678391,-0.329271870686812,-0.435433354565911,2.23623233054553,1.13132999241054,-0.366224063984558,0.949793139305257,0.156760102551498,-0.565258779463758,-1.17603585159241,-0.582792511590403,-2.16668094347871,0.0249622809655955
9.61769190965554,1.12493091814311,-0.207380743601965,0.987838267454879,-0.0359224226225114,-0.508086216138287,-0.403736793498034,2.67574079585182,-0.327812680140072,-0.235357425015276,1.77376261131718,0.35090973068782,-1.40290590594127,1.26514414014377,-0.015519728626234,-0.351478853334928,-0.0139941045119107,0.363159858868327,-0.779166556871574,0.031439264369752,0.264251846213868,0.82554913408199,-1.63683281866016,1.26252689567853,0.49964579288254,0.0273187797098661,0.987361340420297,-1.11060437331526,0.67841919507748,-0.130479534484138,2.64712003801142,0.331968377856512,-0.438376209287732,0.339774120334188,0.209709303183808,-0.748730192668277,1.66666340779812,2.48365406783546,1.12082698678478,0.774014993072303,-0.895038720605476
6.14689350486492,-0.0449336090152309,-0.392807929441984,1.51974502549955,1.0691614606768,0.523620590498017,0.231496128244633,-0.423686088681983,-2.41245027627225,1.97963332091796,-0.648070933515048,-0.174546928731224,0.677053890943881,0.939773685073443,-0.297577328151777,-0.11498040088108,-0.235200839818886,1.31475256465827,-0.706899068671983,1.35893058212786,-1.90735794401727,1.29127203757818,-0.271538029632115,-1.56379809166681,0.263341483514055,1.82762783344905,0.953509388776604,0.541586767943068,0.116412602428405,-0.547328149032133,-0.673749331588665,-0.139282385567736,1.40231750964108,-2.31638786086451,1.22315678618753,2.02929463268147,-1.54040100708771,-1.33166906271364,1.1651172181161,0.598681328050187,-0.648991738684801
-3.77943806226016,-0.0161902630989461,-0.319992868548507,-0.308740569225614,-0.483974930301277,1.01775422653797,-0.422372407926746,-0.298601511933064,-0.31379287344339,0.796794538639531,-0.199817475668204,-0.591428470216157,-0.789800446142907,1.27795248593622,-0.167679147061436,0.0729869418013214,-0.188318654237954,-0.448305910907794,-1.99290251051536,0.113494845099203,-0.925231266230656,-0.625104977916382,1.0917985539091,-1.49347152278348,-1.2001182774584,1.17841191437309,-1.70870131233114,0.780177978442764,-0.46631312529537,-1.28176030084847,-1.17881346835309,-0.734593825625815,-1.33850458003796,1.18834791279017,1.08705296268649,0.114334540838667,1.14504612633599,-1.36076832950042,-0.222584799465931,1.19722467606599,-0.554713238195959
2.01105371696237,0.943836210685299,-0.279113302976559,-1.25328975560769,-0.121010111327444,-0.251164588087978,0.374118394695298,-1.79234172685298,1.65987870464572,-1.70927618064586,0.689243732977183,-1.33402726089608,-0.465728889434096,-0.291160143634804,1.15647857993652,1.08877461255298,0.951283068840505,-0.80816446825925,1.89987653291093,0.174306546340086,-0.11157129294476,-0.87514675454924,-0.313753260213032,-1.09713482195183,2.15178194201986,-0.356311144925066,0.293398785092327,-1.19218892637239,1.84623329220598,-2.17051157974568,0.71355060508576,-2.77759276392393,0.764025361881707,-1.39033602649513,-0.193491155814907,1.3881842812214,-1.56194956414967,-0.235092456332526,0.271809486187721,-0.368173869420077,-1.05154685106784
4.24618895469982,0.821221195098089,0.494188331267827,0.642241305677824,-1.29414000382084,-1.42999344738861,-0.366005774997015,-0.248008225068098,0.130953100607517,-1.66366871188344,0.0361455098365949,-1.09729850119228,-0.104852065234789,0.776172449681573,-1.33876400921731,1.29256873846574,-0.154014785973495,-0.0862684990395799,-0.756206935872664,-0.053480404684855,-0.965234425432678,0.14335694280806,-0.682023897202607,-0.0291067478840087,-1.145469601333,0.933794629899443,-1.14900188882747,-0.247267138108873,-1.29139503119317,0.000563215578913007,-0.0121010645702177,-0.322853958783463,-0.395506774196244,-1.58618502330435,-0.795500112368818,1.35648408922355,0.471221587835894,-0.0895549823928592,-0.910261998255786,0.702319798990721,-0.103330413021971
10.3973111154639,0.593901321217509,-0.177330482269606,-0.0447091368939791,0.494312836014856,1.70912103210088,1.19010144652106,-0.247303918374605,1.09588868268958,0.49110955231555,1.94353631225286,2.03610360936432,-1.64785108730534,0.295725633211195,1.08676877525818,1.28251129409906,1.85424450475186,1.58542427252084,-0.377955779724224,-0.424758034043152,-0.162898923853373,1.42518963325776,0.0520806864869834,2.17368491956429,0.952305694430701,-1.08533921211607,-0.175293900190847,1.65407193138734,0.960735559683086,1.54400160892158,1.25986965199291,-1.03558647376593,0.70667396599867,1.30293382419895,-0.289757356258683,-0.712381675658692,0.0357610372343732,0.200828737729833,-0.741121060037364,0.0753470583633293,-1.43444270083291
-4.46868259990559,0.918977371608218,-0.505957462114257,-1.73321840682484,1.30790152011415,1.43506957231162,-0.737327525257229,-0.255510378526346,0.489340956943913,-0.174055485572285,0.737213733789873,-0.326489593374826,-0.0995369519713592,-0.517199554781421,-0.350684196699262,0.979056118294658,-1.90416735438949,0.101057448186687,-1.36395480148574,0.207911552099919,0.860184054944303,-1.7347494260304,-0.709296467839587,1.36978704873579,-1.23592403203755,0.11980643627905,0.035154801957687,0.50303989515941,0.23254089109578,0.388594092073413,-0.476976798602349,0.0547526501967002,-0.116138529198411,0.736818182032297,-1.43605034570269,-0.690128993283825,-0.351850232327599,-0.265365341873434,-0.426786424237152,-2.26265058199372,-1.38061851977366
-1.08228800024883,0.782136300731067,1.34303882517041,0.00213185968026965,1.49704100940278,-0.71037114584988,0.290666645439266,-1.78693810009257,-0.778910295448653,0.961290563877483,2.32133393302204,0.77400521202148,-0.439857636843203,1.75723302433968,0.7347232445509,0.329469783429092,0.359299701900462,0.148762211652968,0.74195815930761,0.99292291778912,0.0180987749773109,-0.837404647022428,-0.354708314346325,-0.378380661488477,-0.893846356054158,0.471760499747085,-0.666786427974122,0.910053367012874,0.862549935300524,-0.314827946205171,-0.942721046710143,1.54368491874942,-0.481397891384663,-0.571109489158664,0.877356249000453,0.274245474317981,-0.943754999834765,-0.110013783091227,0.750682537340365,1.05470523935575,-1.49939252899851
-3.85681205289746,0.0745649833651906,-0.214579408546869,-0.630300333928146,0.814702730897356,-0.0650675736555838,-0.884849568284455,1.78466281602476,1.74355935292935,0.293826661677307,0.34890934629397,0.78500640067928,-0.718511451938464,0.161726818855121,-0.058414483783753,1.8796357177335,2.1145349462097,-0.546434668144039,1.61097599601383,0.813857888451312,0.13726245583651,-0.715752615389938,2.39503334179611,-0.778744876326706,-0.7089109834713,-1.6973883619641,-0.815686817070391,1.75621965936631,1.41142798959315,0.790833341491719,0.760675548441982,0.964446254365306,0.0488398955331024,-0.420380806075636,-0.1052148043996,-0.380786630404856,0.367376615854782,-0.213782822034777,0.6493286576328,-0.897325311528992,0.0220188600665074
-9.8988563864596,-1.98935169586337,-0.179556530043387,-0.340968579860405,-1.86978879020261,-1.75946873536593,0.208006478870832,1.76358634774588,-0.0783872853310662,0.0809993635091707,-1.13391666127592,0.763246080345894,-0.554597596334913,-0.0546843758381312,-1.34581290425275,2.04289903105136,-1.13574898684316,-0.527675587264115,0.227387446895332,0.996005583833509,1.59888607124798,0.374820958042662,0.551009936822662,1.26408532917631,-1.19765706762331,1.19270578079419,0.121877368482829,0.127037057543004,-0.0130148481904327,0.18858559056274,-0.249951423513271,-1.83230284878881,0.311303005724369,0.895919378928683,-2.33468384360572,1.11582877486858,-1.86547171250828,0.755948255241542,-0.448295562458784,2.39885487143668,0.0999637218155769
14.9159371554046,0.61982574789471,-0.100190741213562,-1.15657236263585,0.48202950412376,0.569722971819101,-0.0477301724785263,0.689600221934096,-0.975553792522548,0.183661842799281,0.421335267904323,0.294808759565037,1.24548917675143,0.528971600668833,0.346905269277825,1.32857637262015,-0.796255985784339,-0.139871559492049,-0.400515673917362,1.73274427091968,-0.11130084868045,2.38332796196972,1.24878589516192,0.308013117041762,-0.0700903423260169,-0.687800122532551,0.0653540551699574,0.265966968936156,0.202264013941686,0.584341932602842,1.07886319082688,0.132961342686625,-0.00442018777892362,1.09070441965676,-1.09706520039174,0.172350187000914,0.11055393642606,-0.155226372071595,1.05941538299433,1.26319966951482,-0.115120629722453
-2.47080503966197,-0.0561287395290008,0.712666307051405,1.80314190791747,0.456135603301202,1.61234679820178,-1.68452064613859,-1.10074064442392,0.0706598247385691,0.16625503539133,-0.924556256814186,-1.25235592417266,-1.2589213509611,0.389734521255614,-0.638404646984218,-0.219668643736572,-0.397569450150752,-1.58941141444985,-1.66958039964306,0.357042034431723,0.285455873566112,-0.46391296156182,0.0494701524457691,-0.418501689523395,-0.849229429807808,-1.81045647167141,-1.72635251638306,1.08003827895066,-2.78601472975644,0.514992388265937,0.642844233181312,-1.03340203846113,-0.195495343860805,-0.052028492656639,0.386193434256944,0.512564515459828,-0.486629941792978,-0.253006698924227,-2.69530466049794,1.29058501543878,-0.401538807587946
-2.49601064121463,-0.155795506705329,-0.0735644041263263,-0.331132036391221,-0.353400285829911,-1.63728064710472,-0.144226556618951,0.714509356897811,-1.5185995288232,-1.26959906621425,-1.00706236611934,-1.00950375276966,-0.215384481428024,-0.705771414843546,1.12439235451868,-1.0400474315513,0.0917240415455821,1.23410416568767,1.4907010973021,0.15572633458215,-1.98390989606672,-0.426500402118622,-0.455548815270433,-0.0376429295763268,0.156863358630424,-1.24269855088918,-0.935586630459664,0.00936885081226534,-0.158000365979318,-0.17023434635851,-0.227594653880278,-1.72828721339192,-0.890046675251001,-0.670079845603982,1.02091914912631,-1.76720344019799,1.19753212524764,-1.65130354378339,-0.327159191352153,1.9884855777354,2.34462340773858
-14.5577254340272,-1.47075238389927,-0.0376341714670479,-1.60551341225308,0.170489470947982,-0.779568513201747,1.18021366550265,-0.246470316934021,0.863779032791318,2.34949332061946,-0.189474330103611,0.751391194545935,-2.47196171011946,-0.0531784750924348,-0.827733030814888,0.19294978270913,-0.238694074135277,-0.335454848332105,0.691487433198398,1.55278865626246,0.0307402181073715,-1.7030952143982,0.657889402027386,1.18729856637511,2.01741510883182,-1.97075520655516,1.29865429816607,0.384220243825296,0.831637995092736,1.04120211544243,0.175949524373234,-1.15987103180553,1.19778611942054,-0.399551243973612,0.375168197707092,-0.670223431272913,1.51283242847154,-1.7595266794624,1.31966901873928,0.20920690626195,-0.97721684159472
-9.25394530669703,-0.47815005510862,-0.681660478755657,0.197193438739481,-0.864035954126904,-0.641176933750564,0.681399923199504,-0.319786165927205,0.501568385364368,-1.41200540742533,0.9339167001786,-1.30835351258276,-0.674169320106069,2.60644448878565,-1.78778013751545,-0.555236251879244,-0.461962363699386,-2.00100250680987,-0.0409774766647957,-0.0640696178455259,-0.760004886262192,-1.04149735602985,-1.48546741238514,-0.105657693844905,0.737592620068243,-0.412036665404596,-0.589983651787971,-0.532972848261885,2.18853151354752,0.321152384880494,0.36861980927607,-1.39344360096616,0.0465750117656711,0.433890095946288,-1.14089496717134,0.276952947504673,-0.726766737097221,-0.392785997404055,1.55851138518142,-0.444696566571594,0.897231770683923
5.37786372075359,0.417941560199702,-0.324270272246319,0.263175646405474,0.679230774015656,-0.681131393571156,0.143247630887551,1.3626442929547,-0.354781329646987,-0.0169614927822389,0.343909999577983,0.527540097063652,-0.501297185429917,-0.0725931047832675,-0.854010002564265,0.274990889851362,1.9263406073496,-0.0174584027383683,1.20434485267842,-1.00821875816368,-1.22401321751577,0.768734962012234,1.46918454895137,0.202441652299197,-1.69158922396172,0.825804061208806,0.555292978526416,-0.822547689463243,-1.1460935637241,-1.55759253982208,-1.16894944176609,-1.00193144531418,0.261717906050118,-0.187513913379056,-0.75169845910729,0.4319677760602,-0.247861366334999,-0.936514737913993,0.860637444235263,-1.65847751361708,-0.0917422928021603
1.42699841377707,1.35867955152904,0.0601604404345152,-0.985826700409291,-0.327101014653104,-2.03328559561795,-1.19231644371292,-1.22788258998268,-0.48842888759119,-0.544319352621665,0.814020276463554,-0.53353957357734,1.54232578795203,-0.296271891430325,-0.572022722356352,-0.55051340508595,0.122054814822625,-0.240966895843615,1.29851496357034,-0.892895523657041,1.00236665253138,-0.74532037743636,-0.221761166104173,0.780408474277473,0.477716591999452,-0.561558774366251,-0.194943476102316,-0.046654962586115,0.231250102668602,0.626407794577016,-0.579432534850025,1.34839194301861,1.33969527376543,-0.993704953689841,3.06452389269812,-0.960891554937323,0.134429189269096,-1.76524039239768,0.142136862048121,0.582330196939139,-0.316511372843731
-2.65736550783174,-0.102787727342996,-0.588894486259664,-2.88892067167955,-1.56908218514395,0.500963559247907,1.16922865278909,-0.511219232750473,0.936293947292698,1.80011233335541,0.915341002280603,-0.398376014093638,-0.962018065236758,0.734330336061997,-0.825930678709155,0.921259893093488,1.09205057650629,-1.79198939892252,-0.462217020759918,-0.654514621220146,-0.0215414228588399,-0.486471495507802,-3.02230321365538,-0.542142379532731,0.0746825133798951,-1.22681728384888,-0.688125437397462,-0.562809635705197,0.0226483574116589,1.97365008215243,0.297339761067981,-1.77583638741353,1.70150119049505,-0.922410202217711,1.4368046454751,0.0274305658483761,1.08531786542511,-1.75931144884997,0.202363274147139,-0.711207574206087,-1.40289473916771
2.46491536612625,0.387671611559369,0.531496192632572,-0.640481702565115,-0.367450756170482,-1.53179813996574,0.0792017089453723,-0.731194999064964,-1.06240838642214,1.01144017617923,-0.171852130422256,-0.789569450494829,-0.872179536441406,0.40148074643659,-0.237584094046457,2.18945599237245,-2.97225747544741,2.04969151122701,-1.22577374782218,-1.4337828285212,0.94532133928423,-0.353039444838667,-0.869095539586013,-2.02653214649499,1.9424313403825,-0.333583964748526,0.0826986445058158,0.786890999066481,1.37912958917576,0.303483261547269,1.8524483219266,0.370374694188887,1.55129531436729,-0.0225864996708584,0.322555414381295,-0.369601754326244,1.29614591705562,0.722482194517329,-0.500252015337885,1.36899877314235,-0.154593922358847
0.291562274620297,-0.0538050405829051,-1.51839408178679,0.570507635920485,1.36443492906985,-0.0249976392782635,-0.451773752768677,0.0197520068767907,-0.983820871704388,-0.563716555906629,-2.40223111360906,-0.230141136270548,-1.39762961790436,-0.538301076039725,-0.59532649610771,0.963994790082482,1.12848905096528,-1.11721761151088,0.963266754105759,1.41818435319827,-0.908491216197208,-0.0623005243988452,-0.413891554934754,-0.0216719936807863,0.505147383068437,0.00617451505577059,0.16814683195678,-0.647566743813496,-0.246252755014694,1.98956325580343,0.806713657497222,0.0419605863244238,-0.322306165408928,-0.0107398513546401,-0.107484885158757,0.80784243829686,1.28762995567038,0.105902985199033,-1.15069185336539,0.0612009393130314,0.641791290227367
0.842663121277847,-1.37705955682861,0.306557860789766,-0.05972327604261,-0.334281364731164,0.592984721025293,1.64202821280077,-1.57286391470999,0.424247877020078,0.205420795375023,0.795906851730836,0.877184841651799,0.179805166816406,-1.08272281091707,-0.410742194759605,0.741818476272659,1.31200012901363,-1.35354954481764,0.693211227960882,-0.593885665293328,-2.40220222687674,1.61961510955958,1.98921826495574,1.22228260594031,-0.258461577152228,0.246559481195228,0.805546728822644,-0.780032486098414,-0.0051253453797577,0.48032604872191,0.488187457988525,-0.132750488298142,0.662142145900213,-0.50023695238265,-0.0515328369491433,0.297532737973586,-0.338703588245132,0.390137002841739,-0.608551690703679,-0.252834857426658,-1.4061189523295
5.45461349304541,-0.41499456329968,-1.53644982353759,-0.0981787440052344,0.732750042209102,-0.19819542148464,-0.769592321599518,-0.703333269828288,-0.451313480552634,1.16546195019875,2.16911586935979,0.453733177541175,1.15409198778734,0.847801407504121,0.327991438408655,0.037356564959467,-0.48260797306504,0.451302311030919,-0.501393165926139,1.11897179804218,0.162938047526826,1.24621140625639,-0.078989767510778,-0.173681631884584,-1.2624715436231,0.447567913449668,-0.212200869049578,-0.901525194198359,-0.963002826853333,0.545158174960211,0.926501343556937,-0.0139420252131676,1.63973282019699,-0.181671675591775,0.789774089318715,0.0230556945047563,0.604296542217034,-1.64396343819755,-0.14707489115322,1.0086433548207,-0.888763510078909
7.91630627451851,-0.394289953710349,-0.300976126836611,0.560820728620116,0.946585640197786,0.892008392473526,0.303360960757848,0.715932088907665,0.925084796723901,2.2363228395069,0.0583834994596872,-0.232464147723414,-1.19853361008649,0.118845015006807,-1.1636466116897,2.18083368623473,-0.224858996653821,1.0332274248505,3.15397141698372,2.38408156329113,0.943208930634555,2.00858995573927,-1.48382894682663,0.664013191727257,0.0467896381203125,-0.245017937545673,-0.852429401883359,1.128544364619,-0.0193734778662111,-0.23264168238354,0.458309895141006,-0.366039300431897,-1.31824640069213,0.189541446490689,-0.217905542415339,1.10191446139562,0.920767407255184,-0.65481462110254,-1.43582859213366,-0.655228835942837,0.119647434288857
-9.25062899114399,-0.0593133967111857,-0.528279904445006,-1.18645863857947,0.00439870432637403,-0.0257150709181537,1.28173742118351,0.465214906423109,-0.198620809812313,0.302265076168852,-1.35491444952768,0.87000552469028,-0.425724401474022,0.482247222776156,0.760177665022408,-0.0795852035074668,1.66776531087937,-0.195885695113888,-2.54910689501694,-0.40328649415479,2.54460486023111,-1.85441951282407,-0.286871051313951,-0.547838197912795,1.18997076537587,-0.0764333945495275,-1.29667481478582,-0.38382680029112,-1.15866793862079,-2.05612468471865,-0.651943358441331,-0.105173946166973,-1.36494079498635,0.502988963491515,-0.54450237838447,-0.162053493690521,1.64476374303366,-0.0891427482546044,-0.243172363939305,2.63413136625274,0.925436128541132
3.11558671795228,1.10002537198388,-0.652094780680999,1.09677704427424,-0.352322305549849,-0.647660450585665,0.602222795170429,-0.973902306404292,1.1948510169004,-1.04250660223103,-0.36755076555405,1.65600373414682,1.36630860884751,-0.291324804724124,-0.00255583605038963,1.37629502882361,0.0412185323166061,0.227310386780745,-0.00813808482908667,0.370108558443746,0.887190933493354,-0.462714382489477,-0.901023769016841,-0.917442005441945,-0.894031164622487,1.12304950909888,-2.54466094581774,-0.593280585043915,-0.157074398210195,-1.14736073872033,1.21580446481486,1.66024437713918,0.123357709062113,1.67391946012022,-0.274580325621438,0.0865447216024407,-0.886251616805477,-0.689411466799491,2.02669502369221,-0.305332901511049,-0.680326922509986
9.21486523582749,0.763175748457544,-0.0568967778473925,-0.00534402827816569,-0.529695509133504,0.64635941503464,-0.307022264536836,0.559217730468333,0.495544705180151,-0.983542313495811,-0.934517579155246,-0.00636892891484486,-0.684297394658662,-1.65211027147727,-0.0382277709150002,1.57531667679071,1.03817484555139,-1.10219974998749,1.1387806409713,-0.575293013734413,1.06043676648591,1.04310383332729,-1.574017112396,0.437105753033052,-0.765291306202586,1.58075036031528,0.536258011619238,-0.125025897084015,-0.600721005209396,-0.18005167444172,-1.08650836185774,1.55507762193835,-0.592030363803457,2.54722815235059,0.0276239006189358,0.0169979019330747,2.17250012907334,0.142398384504201,-1.01799744846075,0.0984932015124599,-0.129415110209151
-1.56271629830957,-0.164523596253587,-1.91435942568001,0.707310667398079,0.739589225574796,-0.433832740029588,-0.418418103422641,-2.43263974540567,-2.24515257409297,2.00571858043419,-0.0416392200716165,0.470489453107761,0.685512208376277,0.0690945982758841,-2.03623741998002,0.160376978407948,0.587642933342248,0.95527736854135,1.48234646794641,2.91922880714949,-0.615747889000869,-0.303837521371803,-0.668314931523572,-0.384968561551574,0.984525032892098,-0.827861327186223,0.0234656656005183,-0.482692273091015,-0.16400175056385,-1.10031467271034,-0.975103711959236,0.443204940808692,2.17780380590271,0.522148839429825,0.96967721750677,0.150172429503499,0.714854301548273,-0.536689121341316,-1.30985618911329,-0.689208794092033,0.125415219451187
-0.933101347559609,-0.253361680136508,1.17658331201856,1.03410773473746,-1.06345741548281,1.7726111849785,0.355135530046085,-0.340484926702145,-1.33537136041822,-2.07057148385748,0.676112005556641,0.278218649064741,0.389503542813737,2.39057669996185,-0.301229079436562,-3.25322007290293,-0.158299577145634,0.31283044591251,0.975845008963832,-1.07891478952188,0.352854881416532,0.318080700037989,-1.85616451407826,0.842375303778161,0.916771844367021,0.491211652130323,1.04693098410088,1.67104539999695,-0.683797271041848,-1.56891365824098,0.313026312724249,-0.43866672142978,1.25312468580758,-0.892420128033872,-2.19940649400494,0.482914532808017,1.0374125711965,1.41958899878053,-0.616450867284611,0.314280659901411,-0.211041269913105
2.23435828260831,0.696963375404737,-1.664972436212,0.223480414915304,0.2462108435364,-0.0182597111630101,0.513481114599557,0.713033194850233,1.28277520617769,3.05574236888186,0.86643614680554,-0.977902941018112,-1.3053959238053,-1.46177168630104,-0.55564610443147,-0.329930487313703,-0.292085414891579,0.10100571319913,0.14835029328322,1.17849132928048,-0.475328128308476,-0.648749008450818,2.68392291802792,0.953016305056382,-0.289544655064722,0.0185769770195301,-0.5064048609439,0.685997297370749,1.6629786051937,-0.0483432112568491,1.69153299141249,1.20986845535591,-2.67665821513735,0.728312607205519,1.94809379777504,0.882608394387359,-1.07557163068991,0.525737567405204,1.02441869444659,0.920174531716108,0.871376775844302
-6.91198236220027,0.556663198673657,-0.463530401472386,-0.878707612866019,-0.289499366564312,0.852814993600531,0.01860740032874,-0.659037386489128,0.690795904173712,-0.2613505940873,0.235175024813313,-0.92658614214595,1.21688801110113,-0.984806292747729,0.847295415715293,0.457089825662592,-1.41989896333921,0.748115414290238,0.788908757307724,0.869602773179034,0.422056369813675,-1.86890434352981,0.278246735587241,-0.410631815753392,-0.487510708419201,1.32094818545485,0.647961974876367,-0.727653610732973,-0.571670013504858,-0.597890122244491,-0.572387524709293,-1.42292599485884,-1.66598182013881,-1.15892302722338,0.179853218723136,0.315924828918759,-0.474255269772743,-0.360002448360396,-0.83274933439023,-1.51214695536879,1.55868046149332
-9.07772286062965,-0.68875569454952,-1.11592010504285,1.16296455596733,-2.26488935648794,0.205162903244026,1.31844897225668,-0.0364026225664853,-0.967062667858309,-0.45439325911372,-0.933970133276432,1.9197704626212,0.79517401827231,-1.33605374450295,1.39082051104259,-1.30410375743438,-2.13831802520847,0.998960894793609,0.557581219707707,0.931166309798506,-1.1835591542214,-1.20699657864546,0.625069616682233,0.100808276763203,-0.271832628907198,0.930230736309287,0.485718791304701,0.302091046239594,-0.0354586911279018,2.4173392818266,1.05126310270962,-0.0588976635320806,0.842477360032483,1.49328375009263,0.415056763273738,0.228238374781503,-0.0698125803393669,0.42555486490149,1.44207722389048,-0.0147023504214812,0.218188257013985
8.0834330275337,-0.70749515696212,-0.750819001193448,-2.00016494478548,-1.40885045607319,-3.00804859892048,-0.065831999838153,-1.59328630152691,-1.34579368502011,0.157560555463951,0.813252167281602,0.881277787776179,-0.4882025094258,-0.365131611733055,1.23124621524982,-1.29117343884522,-0.0225001049025996,-0.732515309013158,-0.0273943930429063,1.02468122759902,-0.383749583492094,1.89725805765655,-1.15143250208533,0.920755693184037,1.10621753975541,1.07621614442482,-1.20700151242928,0.257656207099338,-0.397062310428713,0.10958064066004,-0.181254777367646,0.203736299198387,0.385506325533689,-0.848249916365337,0.6468405034362,-0.108384387112903,-0.762523193795482,-0.411289830351588,-1.26921903752016,0.605651658414658,0.406154741424709
0.442715943078469,0.36458196213683,2.08716654562835,-0.544790740001725,0.916019328792574,-1.36611193132898,-0.700296078317704,0.847792797247769,1.03366538931573,0.933388727865257,1.34831855513005,0.742081771926477,-0.903993454630162,1.38145424797967,-1.11333746215215,0.906379731668726,0.269770953624943,0.480895240110787,-0.877074958800242,0.612975056104969,-1.45966580569284,-0.261585559466751,1.29566730742514,1.45959521489172,0.0586232491474948,-0.300270613432989,-0.00297020085601345,1.12497562439205,0.714734727528985,0.449952010308511,0.4856470358289,0.743010635466116,2.13847170864168,0.307681941068345,-0.653999984451041,1.10506099653127,-0.572609703531316,1.07092478679444,-0.314308990290208,-1.01688084544769,-0.258207352260575
12.1801955079929,0.768532924515416,0.0173956196932517,-0.255670709156989,-0.1912789505352,-0.424102260144812,0.537326131521341,-1.85038884866061,-0.811776459663054,0.302828275834352,2.25188277593107,0.147573404049434,-0.390418418086926,-0.153317255754176,-0.796053892663566,-2.79596149521123,-0.502969399031042,-0.989450308257357,1.2162434707284,0.608190081478319,0.0457732244649357,1.78798171613725,0.522128473389211,-0.396842534166212,0.258656214428526,1.04474062505454,1.5868597609769,-0.310106452790176,1.26745459510342,0.490773929763703,-1.4359328198026,-0.377698933065141,0.212799136322422,1.93302241579369,-1.11994946630856,0.588719096932479,-1.12769198859714,1.04682217393927,-0.6141977822625,1.11563955585675,0.885284098931834
5.82764625012332,-0.112346212150228,-1.28630053043433,-0.166121036765006,0.803283216133648,0.236803663745558,-2.20178232235392,-0.323650631690314,1.80172547861817,-1.95615022247248,-0.493652434465923,0.485388564992269,0.814063415145414,-0.255571634239904,-0.0895198771467189,0.233560571320303,0.630807390367713,2.22955904834575,-0.351249812274922,-0.892891710239735,0.452456113831145,0.867300515577598,-0.938626500416387,-0.483083828777405,1.63140558307217,0.709141110405417,-0.993224256190006,0.824591886022512,-0.356786331598333,0.0502195365496767,-1.06194105724982,2.37868017675574,1.84052267906985,0.702543350961017,-1.00474525673975,-0.316382724208661,0.122726540709163,-0.360574316378937,-0.564376525135597,-0.260163757178598,0.55852862944432
6.92663824932447,0.881107726454215,-1.64060553441858,1.02046390878411,1.8874744633086,-2.34272312035896,0.391973743798411,-0.255248112503172,1.77154196037941,0.353536709469366,0.474092599152496,0.151856039545981,-0.564249280183431,-1.28862710359708,-1.05965688786145,-0.269035938649161,0.474565208416551,0.456736599588872,-0.294393117373541,0.452035606317074,0.0575658703764589,0.702580937904198,-0.107737862273648,-0.316219132316045,0.86936859651906,-1.26940746350714,0.0600225555202971,1.17489290477857,-1.02532295695037,0.654689287997935,1.89260664099439,-0.88793195704281,-1.96219906679013,0.0163097181286463,0.566768541335376,0.366356632278494,1.22878953420202,-0.246120555230647,-0.564897060994212,1.03647589608524,0.181784421595211
10.2435032160582,0.398105880367068,0.450187101272656,0.136221893102778,1.47388118110914,0.961696633380712,0.496960952423719,0.0609212273067499,-1.45469136980239,0.450424513742423,1.19369166611409,0.0419987540872705,-1.87420531876932,0.06526641700069,-1.60431219398007,-0.658545055017142,-0.340659061576436,-0.0358154435846572,0.253137809458962,-0.374712307021741,-0.63869385314868,1.62353223954902,-0.39963150834139,1.21000394782544,1.21704441715836,-0.932085734438952,0.657414520091774,1.97628793924985,0.409716574406179,0.531782683283305,0.0244906964688613,-1.03607624964215,-1.06610203883797,0.64146852242195,0.634128069488183,-0.761089558280717,-0.587573018526151,2.6328439945096,-3.07124303553711,0.491079254833402,1.44813615447386
-11.4685287444249,-0.612026393250771,-0.018559832714638,0.407167603423836,0.677268492312998,-0.60442573385444,-0.224874715429902,-0.823491629018878,-0.845654312575637,0.659550870534498,-0.116395471522116,0.223422311943048,-0.1429047109211,1.03532642142089,0.79135066602523,0.0633457930705781,0.0496015595221469,-0.49044270641976,0.0114979858264514,2.84018514503792,-0.23868131830546,-1.59015870924774,1.28670136272781,-0.75298064796168,1.72039730214527,1.37360719529989,-0.233107955329485,-0.0361017966856595,0.52975434323019,0.770718609148346,0.0678537246666581,2.36778642255211,0.166156528326985,1.65521896823963,-1.21003595854585,-0.387626309448484,-1.83916811346666,0.0828732141075895,-1.31446609322366,-1.32587204988391,0.373202909405496
-1.39277878248957,0.341119691424425,-0.318068374543844,-0.0696548130129049,0.379962686566745,-0.752877279362913,-1.11714316533188,1.82973048483604,-1.25047965932418,-1.03142072760739,0.524858555768479,-1.01046508600421,0.77190400974234,2.26021579186023,0.0681565280589811,0.0544768390649905,1.2952631908601,-0.220566611180815,-1.97578396222506,0.732393453235039,-1.64290262156884,-0.609991214522565,-0.163649099670905,-0.649267243627047,-0.312777426306694,-0.461052845117779,0.745678675692384,0.0711682667395394,-0.36312746219077,0.993125665813756,-2.57241652175319,0.561154039809826,-0.488664244719444,-0.859635473323073,-0.0929224164607256,-2.35080300639401,0.497826138658401,-0.993746582650212,0.677056135772086,1.10955732912838,-0.395050887824348
-7.40551510898267,-1.12936309608079,-0.929362147453702,-0.247664341619331,-0.192798426457334,-1.55561159254425,-0.394994603313877,-1.4299162157815,0.667288067904176,-2.37102288136148,0.214421481278423,2.40122210197122,-1.15911793016754,1.31469627531537,0.614395999728088,0.247009323436638,0.314624204958306,-1.10120936078499,-0.426326723861569,0.840518928246033,-0.222574570956619,-0.313281133735337,1.08522983690742,-0.25424445327965,-0.102184702965795,1.31569612187067,0.54107790476895,1.23354622243588,0.681749393530225,1.04351009274177,1.22029754835017,-0.445940052101709,-0.803944153567216,0.617383993082701,-1.47840907762989,-0.765299854468656,0.506481649643376,0.343609190234358,1.59911709555023,-0.359109145088684,-0.477529400114822
1.53361610153874,1.43302370170104,-1.48746031014148,0.69555080661964,1.5778917949044,-1.45389373800106,1.54983034223631,0.254137143004585,-1.29076968763763,-0.324576307824521,-0.134449534536861,0.801961790270882,-0.237915527670336,-0.870023345687065,-1.20306775282719,0.124035547905759,0.801572503702334,0.063470471357051,0.612302560110158,-2.2196521173488,-1.77556845073388,-0.922129768086484,0.729831945274563,-1.29636955777937,0.167204471682409,0.658934712426914,-0.835159081809374,0.285783361145784,0.203410754666837,0.0578237816269766,-0.133698950688569,-0.934416511347304,-1.1833754836848,1.3358365632773,0.387880668227378,0.462167517577573,0.5236044051708,0.0499225873577813,-0.978987936648209,1.72339651005851,-0.162994019176013
7.17876968503889,1.98039989850586,-1.07519229661568,1.1462283572158,0.596234109318454,0.0563318360544103,-0.743514479798666,-2.93977369533598,-2.03500353846891,-0.94429875090974,0.168509102875034,-0.25120795895565,-1.22219332602225,-0.503130035385095,-0.340454835360631,-0.535256699607607,0.486058896232458,0.583525933087138,1.2308141088357,-1.3274637820721,-0.0154659027849208,-0.256480607956338,-0.299175593962755,-0.424657090715449,0.456607433185569,-1.07099085724512,0.134811864446898,0.215801603761212,-1.28455303401037,-1.26324582458704,0.454623064744706,0.479501557165675,-0.539064716030077,-0.534008777512591,-0.51062547037756,2.17390247112664,0.624949908399273,-2.50731561817335,-0.430657192807828,-0.804267340824148,-0.189010424616563
-11.4887118590151,-0.367221476466509,1.00002880371391,-2.40309621489187,-1.17357694087136,0.509369406673892,-2.33171211772957,0.00241580894347513,2.02134699449252,-0.765889998443101,0.964732769529999,1.21288937082924,0.116806212925635,0.607455555255871,-1.17124863442311,0.258482591385961,1.72556105665083,-0.513358846194759,-1.27080780802968,-0.976660698145144,1.7510468744589,-2.08285463723404,-0.0499186138728137,-0.399155728619728,-0.501574752421928,-0.538986428161364,-0.284421053650322,1.37532043319316,0.610596484512071,-2.6536263152695,0.361680394687964,0.236980549756448,-1.55706983106362,0.528372843865696,-0.802804424764546,-2.03671690321643,-2.98085477937824,0.328457976464766,-1.62209885763213,1.42730551787371,0.181362697787935
-11.6089603725899,-1.04413462631653,-0.621266694796823,0.572739555245841,-0.155642534890318,-2.0978829597843,0.812245442209214,0.509665571261936,1.00597348761217,-0.953779266719918,0.408778914004396,-0.627258086004879,-0.132499628013521,-0.0100414162545742,-0.829414767635146,1.38770886795755,0.102432860750801,-0.812552121927585,-0.650555663503596,-0.587075872029574,0.704206505549981,-1.4171539793372,-0.862410305624267,0.0598749090244955,0.226939974073165,-1.29738814633453,0.46668491467003,0.886581086697166,-1.19628844499551,-0.449435058521964,0.391416788935288,-1.33940240798188,-0.671723487344703,-0.0736982280120939,0.276300724842247,0.158637566089039,1.88692671930828,1.11641612227678,-0.647195629340894,-1.08678927563044,0.826168751637934
4.85213784234893,0.569719627442413,-1.38442684738449,0.374724406778655,-1.91890982026984,-1.00436197944933,-0.501310657201351,-1.08472000111396,0.817123601225002,-0.398004449854522,-0.466438215174507,1.71115850747586,-0.0336847760376347,0.275330299618763,0.229212041805047,0.667170446299684,-0.989837074939336,-1.62931990551456,-2.44316623718536,-0.568012815275937,1.48101932421716,0.610781009704744,-0.497998098950626,0.680677864359805,-0.708633122053544,0.190233485411363,-1.10642259258373,0.0175147907584673,1.32260721680306,-1.51740537616739,-0.402028028070192,-0.10742903346503,0.913575419603138,0.10945948622736,1.13685858582264,-0.756614780947088,0.459880260364276,-0.396691956402495,0.361005671269585,0.57212115124666,0.394415688175431
-0.951396394849354,-0.135054603880824,1.86929062242358,-0.425267721556076,-0.195258846110637,0.535771722252592,-0.510886565952357,0.704832976877566,-0.663988283577244,-0.311217062923606,-2.23978297582177,-0.39437355302276,-0.62232641822747,-1.31229878337135,-0.814992918282738,1.49704945208069,-0.460441208998887,0.568905706511775,0.996548594518466,0.643640956726207,1.35288791215922,0.241520797914292,-1.39591821707638,1.56942176085768,0.353487396178715,-3.53958596119488,-0.10782194203835,-1.63385924072581,0.374295569153928,-0.318061192773509,1.88499762685374,0.577723123936115,-0.767236663704602,1.10018088111999,-1.6908281067394,-0.210631993767786,0.391427639599976,1.25696669721802,-0.787349946433107,1.4247933841767,0.738584940739914
18.5009362851365,2.40161776050478,0.425100377372448,0.951012807576816,-2.59232766994599,-0.453037084649918,-1.21536404115501,0.330976349994212,-0.0112812312503971,0.796092713239834,-0.795063185124836,-2.32149085645191,-0.709363461552928,-0.42652986734355,-0.993445514613447,-0.274880403443707,0.237661491971588,0.333783306704956,0.00511352840900145,-0.237307107556194,-0.329957835667702,1.3039648225257,-0.424377209108075,0.811309021886984,-0.947197536472359,1.21139760121623,0.0502377393554855,-0.100371462076069,1.63734154231024,-0.24265728854129,0.135789208790574,0.45405688085794,0.920270620371808,-0.153578002098822,-0.50346760898439,0.756265078740067,-1.1872535150137,0.126520262496221,0.264414442445665,-0.406071351546959,-0.271130221378117
-0.926328001251857,-0.0392400027331692,-0.238647100913033,-0.389237181718379,1.31400216719805,2.16536850181726,-0.022558628347222,0.976327472976372,0.619677256209794,0.986428343875779,-0.0199551173436351,1.36411919539957,0.871445414408745,-0.926404247679901,-1.30616845900918,0.583075843370735,-0.269397264170906,-0.211322559368946,0.791024763837734,-0.298578025706688,0.363498740513271,-0.334528577849582,-0.364887330459423,-1.27126792541147,-0.232353004120933,0.29088382011186,0.310879061609049,1.129640049496,-0.0955938188855854,0.292740897389112,-0.169139109436975,-1.19032283130216,0.329193985939655,-0.15625791081502,1.92173533432537,-0.999734481219379,0.444323559173217,1.08006176698795,-0.114378255227206,0.0491471875358494,-0.0615910730801333
0.897007799606572,0.689739362450777,1.05848304870902,-0.284330661799574,-0.635543001032135,1.24574667274811,0.701239300429707,-0.843339880398736,-1.2812387419642,-0.794531662417426,-2.51442512196431,1.13222913272875,0.105138019037167,-0.928557924611241,-1.43422177150788,0.503358526281824,-0.169554069656641,-0.551097930399239,-0.563191536791144,1.18956255922974,-1.82766273311387,-0.384539895488476,-0.218080698235093,1.50467588437595,1.39155568016188,0.814770877380743,0.178887489683565,-0.511183590208103,-1.56003209827739,1.67191310731146,1.62182543432759,1.97320990296075,0.397615041513563,-0.386373125063289,0.566044707015607,-0.943744524893251,-0.753943997566823,-0.0332131158711749,-1.63080354573953,-1.03126516759309,0.849435367681747
-2.59663132499182,0.0280021587806661,0.886422651374936,0.857409778079803,-0.429978838694188,0.595498034069596,-0.587482025589799,-0.970579904862913,-0.124261326376048,-0.308817971515212,2.21095203169735,-0.774316319358709,-0.186935267573857,-0.718900602222104,-0.862847933236671,-0.74324768197525,0.664868973266608,0.258361128941135,0.213826202698897,-2.10894120385805,0.893777744052533,-0.421168211981295,2.49935178789941,0.806987101038061,-0.344223280207649,-0.222340612523746,-1.05978105778253,-2.30805491934118,-1.3906441436859,1.69791572339407,-0.373015352170107,-1.07603748329362,-2.14786923998988,-0.846819493781224,2.61880935400792,-0.0321310690771247,0.211011423662399,0.0955011950514356,-0.987340283697582,1.03058022263579,-1.20822916234186
-9.53195508893274,-0.743273208882405,-0.619243048231147,1.7196272991206,-0.169318332301963,0.0048844495381889,-0.60672794141879,-1.77153134864293,0.175741654501771,0.361444766025588,-1.48876222991277,-1.41037496599359,-3.21318853242083,-0.414790569518114,1.70379920381415,-0.816877585453861,-0.775550915205345,-1.375210446411,0.977082664102224,-0.0732820039954618,-0.719124934258425,-0.958355232914479,0.145173889834543,0.0645769808025886,-0.697421985158733,1.4348308432557,-0.973634523452443,0.274707476597814,1.28583085297552,0.918673665047652,-1.34646402698381,0.193951163597338,-1.91484991269277,-2.17292680199008,-1.39918077953546,-1.51450249810653,-0.136752079928056,-0.5102972723026,-1.78179560822565,0.7965517680036,1.05770204309892
2.97860515199398,0.188792299514343,2.20610246454047,0.270054900937229,0.612218173989128,0.279360782055259,1.09664021500029,-0.322470341645949,1.69277379447271,1.39879110483802,-1.16075187561923,-1.83452758069664,-1.27561870316385,-0.00566789314053156,-0.655632596473974,1.87028368106197,-1.91926113102924,-1.4727541491027,-0.234161102635821,0.863402869273734,0.940509519826436,0.249116308442917,-1.4778034432459,1.34405371053338,0.585413441310793,0.189609124622576,-0.56133651080322,-0.622174860841636,-0.607072348513071,0.232314845586316,-2.08868073915954,1.08604038573532,0.141761619677665,-0.717906200372701,0.154037074267717,-1.61903451976417,0.0132439946545028,0.908613583937615,-1.11505000499486,-0.66721533565532,2.37434402382518
-13.7186738074044,-1.80495862889104,-0.255027030141015,-0.42218400978764,0.6783401772227,-0.705906125267626,-0.247509677080296,-1.3388007423545,0.642132717206933,-0.0560704196424014,1.45773822495573,-0.269013537930427,0.762906317886378,0.633448919494853,-1.11316862562595,-0.827253044046263,2.01933253963338,-1.44520967284587,0.848660553954768,1.07470746145087,-1.87115759094389,-1.17887936999387,0.929243486796702,0.541897771884441,-2.99510299027943,-0.981587440172648,-1.28289865966547,-0.111508825976222,-0.979931898565523,0.422208918824174,-0.101618342438391,0.0787259308042922,1.75077590174491,1.69978276008307,-0.913435834038521,-0.388213747775796,0.680105587046662,-0.387516124560848,1.58649048041527,0.233497650716142,-0.400247424395949
11.0583135824445,1.46555486156289,-1.42449465021281,-1.18911329485959,0.567951972471672,0.628017152957251,-0.159901713323247,0.688156028146055,1.28223303234921,-1.69887349155411,-2.18987594871999,-1.83392857727967,-0.406815143442807,-0.50918077365596,-1.40550544636836,0.950712693584276,0.435210514869015,-0.361288424621171,0.653970890565347,-0.205852630215998,1.1470027171805,0.49559328314573,-0.288020655264367,-0.154065040866368,0.101985742736796,-0.0783011742939207,1.98663776582478,-0.114104627694276,0.302427901281579,-0.0478647623686122,-0.594396000802415,1.47018336363309,0.945610257949997,-0.0691932799408589,1.19100497193514,-0.378602977118339,-0.0557253665068746,2.06105440055176,-0.775966162548199,1.86219504431796,0.991615872141664
-0.816282659764962,0.153253338211898,-0.144399601954219,-0.33103297887901,-0.572542603926126,1.4802139600857,-0.625778250735075,0.0712806522505788,0.140546973547383,0.231852545141301,0.739062681128372,-0.814468018774975,-1.20831778388061,-0.857008619328728,-0.150643686787645,-0.266172351060701,1.05016883215485,0.79070996473063,-1.59057002627388,-0.433613832458068,-0.502991094870725,-0.177704306126236,1.40937245611348,-0.582331651747986,0.206759200930004,0.900741759575452,0.0711847303990313,-1.18533025202735,-0.256897007236222,-1.59351257929988,-0.215893075123934,2.71433114529866,-0.113763702158837,-1.27818884065016,1.33709739029276,-1.59504866424592,-0.499098018560668,-0.432644651732663,-0.656092428360995,-0.0561531118933134,0.96347780243364
14.2005793959608,2.17261167036215,0.207538339232345,-0.939829326510021,-1.36329125627834,1.08342991008328,0.900434635600238,2.18975235927918,-1.11250268318057,-0.119090670970556,-0.344008768542759,0.163572122378624,-0.43932265687835,1.61616757681286,-0.394006912428776,-1.0990821816966,-0.312114840650401,0.714657846323989,0.309423132913911,-0.182223784408139,1.42589836833203,0.774733935719587,0.053768001220129,0.886588633178034,2.34442622834836,-1.44610478565579,-0.402094025828771,-0.175584394647378,-1.0681926536196,1.9491258382975,0.0752599984630792,1.11634968433779,1.27133461676697,-0.575407734251262,0.460433295944324,-1.10893666001903,-0.826927163546657,-0.629652745989543,-0.965048986643762,-0.977231994337985,0.0996929345932235
8.7062560972468,0.475509528899663,2.30797839905936,-0.258932583118785,-0.388722244337901,-0.813244256664091,-0.994193629266225,-1.15770759930148,-0.339676971961898,1.77249285346043,0.455876741511694,0.855519222050403,-0.375580745942977,0.993866406838329,0.252069319747878,-1.53421754307361,0.0936176173045456,-0.565153517298012,-2.4859821898856,-0.431078672978459,-0.0193399555708498,1.24794637649306,1.60676777835353,-2.21115696793904,-0.560879083583482,-0.071477095321626,-0.195765757604126,-0.521263765961333,-2.53138815852049,1.1866645559439,2.1669253902978,0.988758104016692,-0.135198350931673,-1.38964448538608,1.67752759544385,0.0555006767777809,-0.289831986973819,-0.780897455165702,0.746863320289386,0.949484831513274,-0.652902175093443
-4.60132242417756,-0.709946430921815,0.105802367893711,0.394379168221572,0.277914132450543,-1.61887684922359,0.849250385880362,1.18168806409233,-1.66476463926247,0.343422165443603,0.878110262544797,-0.819963126879738,-0.501442395146708,0.696845859405803,-0.282706437731961,-1.20630985963392,-2.15318775058657,1.41801430342912,-0.278439107296112,-0.424609610431925,-0.638073726419699,-0.416216757497457,-0.0172271235923625,-0.154888281093838,-0.802221373593961,-0.796143609129133,-0.393221778342938,-0.221095148584033,-0.450927228239281,1.1741501477948,0.645404965401519,-1.02592732705569,-0.00972262551166277,-1.50259250797092,0.966911970423772,-1.37261893818149,-0.492539303928673,0.112304176971878,0.677905536251931,0.193217241210377,-1.36200462828798
1.42620073436251,0.610726353489055,0.456998805423414,-0.851857092023863,-0.823081121572025,-0.109655699488241,0.805702288976437,-0.527368361608178,0.928851761720271,-0.623049782354728,-0.958463922912324,-0.123602759975676,0.496612575778754,1.6999706729654,0.86766761253418,-1.95002527285931,0.357993071026488,-1.14575678099,-0.552433759333541,-1.3538196764308,0.498271000392072,-0.42971793567404,-0.542639050559564,-1.12711344946393,2.28543282824586,-1.54543948313615,-0.0901356091009884,-0.552877870816104,0.354411230562417,-0.505839168284978,-0.197332650732912,1.69442588921929,1.52977248486133,0.931253719291296,-1.44264795049801,1.3713157196375,0.975110148653936,0.870599595916544,1.29653625864232,-1.01730063829064,0.453020251710901
-5.42161354466266,-0.934097631644252,-0.077152935356531,2.64916688109488,-0.0688409344784646,0.440889370916978,-0.46760093599122,-1.45662801131076,1.41682683471578,-0.439522293828527,-0.70584484574861,0.254948236041434,1.52088093822893,-0.977741945262675,0.720091121287667,-0.884040029631817,0.467864811329475,-0.492817822952378,0.87604207279027,-0.196594948982215,-0.0582467351906532,-0.0465252246593674,1.9786926597401,-2.0201170359968,0.36724335283949,2.09620023554288,-0.193311894185212,-0.438510047495829,-0.34897839180517,0.578258264907816,1.27367758192325,-0.0438579329855956,-1.188919665818,-0.291129082572854,-0.264151584691052,-2.05903504695749,0.0979594208690554,1.41980276096092,0.999364190357656,0.0142790040846149,0.0108077018899916
-8.91630702768576,-1.2536334002391,-0.334000842366544,0.156011675665079,-1.1676623261298,1.3509939798086,0.848420313723343,0.572967370493168,-0.0627207776270142,-0.505296789545481,-2.99694930322778,1.71892633823732,0.988091827811358,2.04881758195934,1.05606960140852,0.973405985201601,-0.906688834876339,-0.73305227365599,0.293483694441495,0.234116136807353,-0.626216777775201,-0.658591540594635,-1.36611264523146,0.222627003401442,-0.00586595719077163,0.167346098880432,-0.632296235408075,-0.567620519784156,-0.146078923768904,0.492192734204509,-0.307339225196746,0.40892433361665,-0.14568648792884,0.677169792832732,1.02351919565167,-0.991525489635035,-0.497160426252782,0.692738619192126,-0.468470898652754,-1.5201066457523,-1.02349672317328
9.79498072823623,0.291446235517463,-0.0347260283112762,1.13020726745494,-0.0083090142156068,-1.31860948453356,0.986769863596017,-1.43337770467221,-0.980902336097871,0.186035137157474,-0.961052324044844,-0.958543527527119,1.24612253397107,1.22644932416057,0.243502060378394,-0.580971315835475,-0.529349915526749,0.15923208035453,-0.597222046871897,-0.557206294019108,-0.89462076076131,1.60258407676699,0.424896361470324,-0.127903122118574,0.512077211428476,0.514098655546297,-0.371683985604695,1.81772287362487,-0.452584202475727,-1.5673045711637,0.522021526862458,0.115209478001697,-0.864871259486335,-0.626770391647181,-2.30154197873356,0.251933894205604,0.423245237953249,-2.26161327646333,0.571485629012,-0.673349298145026,-1.61591997098662
-2.01145190833326,-0.443291873218433,0.787639605630162,-2.28912397984011,0.128855401597405,0.364384592607448,0.57562028851936,-1.0551850185265,1.08715025123701,0.176417797599477,0.380188253916704,-1.60431026176048,-0.329867327498483,0.307023011977597,1.11436266207131,1.73676738151204,1.34357671685515,-1.75119295921948,-0.157203603307554,-1.11332527493423,2.4100602149449,-0.0636720487547397,-0.976309021479906,-2.02404513877355,-0.447384224532706,0.125394721328991,-0.732591874440364,0.597776627126555,0.234904199124085,-0.16801969781549,1.16263285107803,-0.176403195772337,-0.543808781197938,-1.44247767529148,0.322204240776174,-1.06394509590109,-0.519233144848389,0.713379246839445,0.423369097200286,-0.749364001391015,-0.861437120578862
2.85426265839127,0.00110535163162413,2.07524500865228,0.741001157195439,-0.145875628461003,0.233499835088518,2.02484204541817,-0.733111877421952,0.139327026560686,0.915848206824781,0.505067589582035,-1.8456094217108,0.844344713988944,0.624332983926657,-0.0765527137248828,-0.172675318153217,0.46943405662348,1.18483086705245,0.184185060278362,-1.63063542586023,-0.949647250572148,0.868827634114335,1.19297168388268,-0.279678879183236,-1.21103244229254,-1.58124779060728,-0.813287876683176,0.303722907810786,0.701257771476921,0.377606177645246,-0.0928488805379818,2.08171630036462,-1.62695301216917,-0.590451563152212,-0.43795407066817,-0.216902254955934,1.91911143009573,1.53607986324167,1.57194319674487,-0.0342802464846192,0.865796963852413
2.20392659141803,0.0743413241516641,1.02739243876377,-1.31624516045156,-0.163910956736068,1.19395526125905,-1.96235319122504,0.210907264251298,-0.386272097673785,0.320176726180939,2.02705600379976,0.55573718528977,-0.981075755246316,0.0613414424510207,0.932925053950374,-0.937992531749062,-0.253105087750424,1.20703160102077,-1.01303201429879,-0.387823881460715,0.559151500570031,0.378375480525493,0.440959630244447,0.420630659980623,0.770953820805158,0.0730407602207416,0.587752193839511,1.71795977635021,1.3265983154971,0.403096936709248,-1.90194818212262,2.04906619307376,0.121071045073787,-0.792246797005612,-0.423212448160073,-0.83824897316637,-1.24473834900437,0.318570720934271,0.240256623616103,-2.97229677488889,-1.00915721783396
4.30636591305215,-0.589520946188072,1.2079083983867,0.919803677609141,1.76355200278492,-0.0279099721295774,-1.16492093063759,-0.99892072706101,1.12358542318002,-0.36668729712132,0.0646270287396298,-0.0601191913503692,-0.139221405117457,-0.110825791428948,-0.157981738669148,-0.28459365979305,0.369103715328425,0.977649326530504,-0.679843404739828,1.72263201663562,-0.211414689679582,1.41568816870243,-0.429097559489887,0.642884936877863,0.0890088693866029,1.34769693635681,-0.532123435283901,-0.892666422511259,-1.57313115107482,-0.627499363967518,-0.493266201603452,-0.84468882240796,0.981105190296446,-0.931869974589519,-1.10879262262723,0.658773629809864,-0.160439995770294,-3.20805687610525,0.316422729082583,0.69463032731849,-0.135748076591087
-4.83966588095098,-0.568668732818502,-1.23132342155804,0.398130155451956,0.762586512418318,-0.357298854504253,-1.37651921373083,1.07785032320562,-0.759845657357593,-0.940611295179737,0.463658648401867,0.772086304393126,2.1854379064735,-1.5762335600693,-0.681509514802608,-0.589018101666963,-1.34670719045078,-0.0819917440431946,-1.24269361449976,-0.558500300160839,-1.01785480180753,-0.209026756578789,-0.377664266101451,0.294381382694261,-0.0989175936758863,1.37539955945697,1.47014135588169,0.573534752706902,0.218282970836713,1.88265879830795,1.86369238711066,-0.42258466192741,-0.0870780584316147,-0.0176965659071633,0.369019190331962,0.452007547357976,1.02158087612774,0.436681717010862,-0.54417040030936,0.730211688802803,0.574337010641327
-13.6020028141,-0.135178615123832,0.983895570053379,-0.407528579269772,1.11143108073063,-1.14681413611837,0.167679934469767,-1.19897438250787,1.14895910322903,0.634702931419534,0.0747783326935444,-0.140839387157354,-0.0128280098786072,0.742589845818649,-1.22010109142514,-0.44393142602891,1.1719354256206,1.15626342259789,-1.53501873647929,-0.636660846087287,-1.39019098922727,-2.67804459234963,0.888700057764328,0.719141732450454,-1.31572476019648,-0.517081329493958,0.126046063804915,-1.01235635498952,-0.2533353660474,1.8555483176834,-0.212808995894539,-4.29462067282811e-05,-0.297384824922925,0.993062810582632,0.272114317488526,0.799963792617058,-0.632830864851566,-0.613251076721228,0.122651647086549,-1.13396678917255,-2.39782906858187
9.84722933531097,1.1780869965732,0.219924803660651,1.32425863017727,-0.923206952829831,-0.517420483593623,1.58462907915972,0.216637035184711,-0.84247625893675,-0.0624884823283309,-0.48683623583544,0.393093925514259,-0.305308925970688,2.14232339810565,-0.708912991624368,0.0599965734692298,-1.9087363449263,0.486796336752512,-0.524540013110409,2.78138713385586,-1.48862930913481,0.609180470956189,-1.06500611114445,0.192504699318315,-0.79561659269378,1.51582710882422,0.877615253170725,-0.482025397621928,1.05290401267231,0.696300671493303,1.13666002123292,-1.22438899833902,0.61358684519704,0.0435650240715116,0.589900021075311,0.364728688475606,-0.203434845430055,-0.0349603501428892,0.954675640623287,-0.0564820964404213,0.281787803285362
-13.5922322727813,-1.52356680042976,-1.46725002909224,-0.70123166924692,0.164341838427956,-0.362123772578272,1.67788895297625,0.143087029788927,0.391413340392769,0.182837867691791,0.748910820862606,0.224218574159447,-0.584213460652307,2.08977295667316,-0.748679597841446,0.0822329488652121,-1.00439081062399,0.95884866279506,-0.0185273854581721,-1.95725587639345,-1.40604463352557,-1.03364017718239,-0.777271197344697,0.36743963595642,0.482380757411327,1.49912572886303,-0.477464544690555,0.511405751148038,2.22304446114516,-0.642203301330347,0.442739450647041,0.616144909077322,1.3495305875334,-2.02353097968475,0.37198763387555,2.08594617370458,0.411278203793493,-0.906138120993062,1.49229156949754,-0.258355701987367,0.0413166332631725
5.67035979805683,0.593946187628422,0.521022742648139,-0.580614304240536,1.15482518709727,2.35055432578911,0.488296698394955,-1.06575009105298,0.891377242318638,1.10364101842281,0.464234580889638,0.0235419851685809,0.771268501872661,0.169794327127524,0.57607752614667,0.758397523687175,0.676687513659109,0.177792371188778,-1.56814717115897,0.142527896359,-1.49623548221371,0.497391496417443,0.40786263410391,-0.11339892170305,-0.951630212108528,0.814576969918441,-2.24293116600069,-0.559887034549306,-0.00785426278295549,-0.937594986366264,0.0699044802717621,0.592789088105364,0.987770630694447,1.89484579534605,0.445974498417473,-0.0714848555619568,-1.01458042114401,-0.51402135115389,0.782586988631191,-1.24876382771751,-1.85062321066213
-4.32506259701244,0.332950371213518,-0.158754604716016,-1.00107218102542,-0.0565214245264898,2.44653137569996,0.878673262560324,-0.428623410701779,-1.33525871255432,1.75203561864876,0.129420458393473,-0.622962659764788,2.1061893617618,-0.107877788921055,-0.0520994639309632,0.539662990903339,1.15232174421702,0.292250881034058,0.467851674195392,0.664498798923618,0.686145924102054,-0.973892336533007,0.750271673481492,-1.03659361554291,0.499536594645037,1.66564854073976,0.0156187673475151,-0.482643607073649,0.428501681366459,-1.29941035593765,-2.62588313737603,1.35560461363218,0.799935934452696,1.18031853854443,0.52684843962461,0.202338215742887,0.99828767052731,0.147031118708133,0.531534886349928,-0.103110580884247,-0.794477174820644
5.17392742644337,1.06309983727636,1.4645873119698,-0.668178606753393,-2.12936064823465,-0.166703279484276,-0.144874874029881,-0.656179476771346,0.398123477834933,-0.953816460135553,-0.815460651610283,1.26200938062639,0.412157036847037,0.18199449457932,-0.630337173595477,0.776647646532491,-1.73275991756331,-2.11334068465336,-0.667828863981452,-0.478627492484917,-0.236761630680826,-0.0944719078341068,-1.71500317257465,0.252591163499661,1.24215347091829,1.01496869830099,1.13216757964278,1.47292606102964,1.05633848190142,-0.654595628063766,0.716413833945887,-0.837958416369963,1.4133831155678,2.41416347802723,-0.64806755804916,-1.5297686336941,-1.63228990465595,-1.3438761034106,0.567232748620047,1.66919588438668,-0.495286259887251
-4.36860019451623,-0.304183923634301,-0.766081999604665,0.945184953373082,0.344845762099456,-1.04366743906189,0.468971760074208,0.959394326857613,-0.111586802948826,1.64408045682029,-0.0401504517354262,-0.405774042775771,-0.261264878093957,1.14592817832429,-0.898336065510746,0.132171664674437,0.601308856586064,-0.538047910821091,0.311082359587522,1.18368958312197,1.99914242920796,-0.55397669395461,0.192254686867909,0.92254542259099,0.947279828507612,0.527156146138147,-0.0754051615052807,1.59422246064106,1.52170120575052,-1.83822781198037,-0.604611722160916,1.00453445300847,-0.989023428796902,-0.240663163918049,1.02183706837274,-0.338088145537669,-0.234161211897477,0.163461568881095,0.156782131753834,-1.27800401212855,-0.685880871363996
1.54433084601542,0.370018809916288,-0.430211753928547,0.433702149545162,-1.90495544558553,-1.97293493407467,0.376235477129484,1.55605263610222,0.675743916642286,-0.866733529450919,0.781416977680249,0.666763771442479,2.07378364600369,1.47729882260241,1.51268587551728,-0.806865299790739,0.341650314074502,1.01402558475317,0.142551004168543,0.805437291322411,0.633238682895559,-0.245759575807179,-1.16173323791098,2.27493594555922,-1.32874880239981,-1.94493600434466,-0.443714905019145,-0.730869789022716,1.19958805043073,0.497553692161246,-0.370584497674043,0.917182101978409,-0.0632063466187795,2.07128941428934,1.09423028568049,0.954136361808257,-1.65510950148292,-0.542909223322403,-0.402740225607502,0.745799344342215,-0.5527559592242
-2.68788695168869,0.267098790772231,-0.926109497377437,1.00515921767704,-0.811170153140217,0.514671633438029,-0.761040275056481,-1.04079643378825,-0.788597935379218,0.266352192194765,0.676452747462629,0.164639154530128,-0.778830223440943,0.40794415253402,-0.236749292754605,0.449350085786593,-0.0352810090657197,0.101269641473852,-0.374034720730812,0.0533177579003455,1.64819754690779,-0.654785608807158,-0.64182866447016,-0.4414386682088,0.126956787669901,0.688310257495692,0.260078388442021,-0.0382892238599665,-2.05890426512279,-1.46348125307325,-0.533668362189905,-0.146622896374579,0.942109527393138,0.232714077622351,0.077305982511206,0.0818425227231235,-0.833470788453693,0.423016854324198,0.0754858051111999,0.490087172795728,-0.102544008769687
-6.77747120575059,-0.54252003099165,-0.17710396143654,-0.390118664053679,1.3240043212996,-1.09057358373486,-0.293294933750864,0.930572408540247,-0.0869863340574937,0.222370494855364,-0.482652525567947,1.78152447478717,1.1315325132809,1.11427873521406,-1.2488034215964,0.41264145683315,-0.626165019795731,-1.21870737154808,-1.94492637603576,-1.1673464152494,0.502718643389684,-0.983805242713974,1.31243918737546,0.0117520326654933,0.00991538247555104,0.0763314178965426,0.0133417778467314,0.99176235732828,-1.15662732028705,-1.19816617058598,1.81218653480987,-1.26132827478245,-0.5944432989651,-0.373468344090581,-0.274638208402021,1.7080180168601,2.30888335087111,-1.23161261394232,-1.20263029488377,-1.99670738675889,0.82487849615548
6.60950453757154,1.20786780598317,0.402011779486338,0.376370291774648,0.615636849302674,2.28465932554436,-0.134841264407518,-0.0754459310121911,1.38228400775579,-0.276908509892329,-0.669113467963509,0.711213964323878,-0.421345128083654,-0.0270758439935565,-0.430009336385521,-0.403614049111987,-0.855971209746084,-0.958376792791154,-1.59768131407039,0.323350155867517,0.845467412356198,0.196407460672124,1.001540094408,-2.12699307927022,0.90496191831364,-0.837499619356526,-0.963884516039117,-1.86628306073355,-0.304085271963615,0.681103030348739,-1.19630906994616,-0.253564732017772,0.717181954689567,-0.833345632321643,0.0752714442546746,2.00605303820361,-0.263555628832857,1.10667546849715,-0.372384602760343,-1.40883531700392,-0.127962465098446
-0.311459924599653,1.16040261569495,-0.731748173119606,0.244164924486494,1.09166895553536,-0.885617572657959,1.39384581617302,-1.96719534905096,0.168490163808026,1.39425304101804,0.512801321922257,-0.33769115586237,-1.02174737001973,0.497722203347278,0.0932994364677102,-0.38808827747742,0.151777841973793,-0.555797484605983,-2.54065786097916,-0.320783022434152,0.467247395729231,-1.21652631223445,-0.19352784002616,-0.792114565900454,0.383216487630252,-0.150187061400433,1.65730762371294,-0.437333147103703,1.89912736968198,0.40761948320593,-2.69176770525047,1.66695065908591,0.0851291323708111,-1.4634080799318,0.970519129769692,-0.787921347136684,1.99710850259121,0.0530992372669268,0.652391155370522,0.917845134523927,-0.588270503672474
2.42876336996969,0.700213649514998,0.830373167981674,-1.42625734238254,0.306604861513632,0.111106429745722,-1.03698868969829,-0.755903642645193,0.823190948275118,-0.658911999778006,1.04890992895349,-0.00914895226735463,1.21830537874678,1.18564001363487,0.833041088710478,1.09518774784029,1.20637269384613,2.12187591164329,1.36204724954097,-0.885950264101112,-0.402055063696625,-0.285042864419352,-0.9331768198576,1.28881808340777,-1.30843004221806,-0.996213532625467,-0.225065920497365,0.936080482562332,0.141839870066516,1.13831741291294,0.546513355631927,0.722313514851792,1.03515583126704,1.0357192604692,-0.521323523184934,-2.01024918737741,-0.242841971658977,-3.20211005574372,0.617010157044081,-0.749480755434116,0.668188487191936
7.76525171718851,1.58683345454085,-1.20808278630446,1.77842928747545,-0.110158762482857,3.81027668071067,-2.11433514780366,0.461149160506762,-0.220894597616442,0.660531280513291,0.121058163102937,-0.125309208413434,-1.79976067489539,3.63957362674029,-0.0849324781188742,1.34048004305313,-1.48857788320267,-0.179589987560952,-0.360666003351832,0.151278171838043,0.923526703253396,-0.300346064814908,0.310329445057101,-0.254336528393991,-0.338359381732316,1.21660013338776,-1.51857493528141,0.383184177276283,0.0923232740268209,0.501722988799783,0.768926409093582,0.593905630682609,-1.84711493386444,1.2928747106484,0.833331308362038,1.13637384584441,-0.554739546378118,-0.953904369733372,-0.447139503006748,-1.23843936852384,1.00514832311694
-0.797971160635234,0.558486425565304,-1.04798441280774,0.134447660933676,-0.924312773127284,-1.10890999794325,0.768278218204398,0.145106631047872,-1.02939165471471,-0.0132557001432984,-0.313292885379532,-2.0908460969723,-0.308249938350721,-0.05400259559406,0.111853039012255,0.114405546675648,-1.05037412306876,-0.644735408242739,1.93639731086409,0.57936347204544,-0.0080556407117813,-0.638620500617601,1.58332171358656,0.568885735628597,1.12718846777638,-0.171835289489714,-1.33558354270051,-0.301734678682412,0.0988041281826466,-0.0670427097681916,-0.186757799251065,-2.88501793098226,0.331402498977672,1.1439845441714,0.705247474940405,1.86507711152076,-0.52947657549752,-0.205155007690135,0.158480999959808,1.6144484044437,-0.142203822982975
3.04452303543647,-1.27659220845804,1.44115770684428,0.765598999157864,1.5929137537192,0.307566624421454,-0.816160620753485,-2.44231132108142,-0.0109256908471287,-0.931480298730843,-0.88067073001145,1.69739389482068,0.0155152433487359,-0.668147316886616,-1.03943594284897,-0.392264620281621,1.63787411690859,-2.09258377175654,-1.45588379753146,-0.0791668261764699,1.03378423761425,1.74284789606923,0.906149174876552,0.667450330177768,0.934729923663099,-1.33395998056899,0.529528815523295,-1.00425338006401,0.592971270767441,0.440053543479348,-0.229359755418792,0.0161114515783771,1.02242819977201,0.705208580620038,-2.05450510036012,1.02461750297628,0.704735648559801,0.352459403571786,-0.513998937635304,-0.389374302909327,0.864285924476959
-13.7182306047688,-0.573265414236886,-1.01584746530465,0.955136676908982,0.0450105981218803,-1.10689447222516,-0.436106923160574,0.580318685451573,-1.22499115544077,1.21468914346638,-0.419286891272189,1.06388115448751,-0.442317718666929,0.445807957415336,0.796422813520926,1.65235784319754,-1.20733418120328,-1.90187083769886,1.48190570829728,0.848767635305161,-0.799126981726699,-1.86940059565442,0.401142830956497,-0.949624291823464,1.83059590944005,0.141560719859246,1.3932611409182,0.809796443106891,1.27484242433872,-1.52196112080371,1.63018563465818,0.614708924713478,0.551192062432164,0.287844943555178,-0.684249440807115,-0.212386239158211,-0.938885792890617,0.58958827741381,-1.12276336437519,0.263419746462831,-0.0219045936131343
-6.95410443727997,-1.22461261489836,0.411974712317515,-0.0505657014422701,-0.715128400667883,0.34765364882196,0.904705031282809,0.655051998486745,-2.59611138844997,-2.08834036550883,-1.4827516780218,-0.766616636225272,-1.63800773288119,-0.405825246363776,0.0999033761579581,-1.24369760877461,-2.62615508460277,1.22225027632159,1.0761196360479,-2.51103348713237,1.00423302095334,0.0311844918990805,0.0756974415287978,0.0155086723690204,-0.980732659819636,-1.29141105604798,1.12662780770316,1.45965683471903,1.00698981067853,0.109621659006559,-2.16467144096662,-1.13518421578449,1.44087331345589,0.257633142939952,-1.2632377482435,0.211036284752331,0.875266133569224,1.57400710197297,-0.447139022225265,-0.20252164798064,-0.26473087656648
-8.43435218609643,-0.473400636439312,-0.38107605110892,-0.305815419766971,0.865223099717138,-0.873264535062044,-0.763086264548317,-0.304508837259419,1.16912259199149,-0.526152469412621,-0.697318199400121,0.38200755917038,-0.641401156182851,0.635283144521572,0.736959753190812,-0.911925870779559,0.0174632661510191,-0.851220441380158,-0.757488401365975,0.738477114377377,-0.311973356192691,-1.20911412955621,1.05948916812251,0.232532403876864,-0.67074502026203,-1.33248719429825,-0.0113593445829337,-2.19122580131585,-2.36182966438966,0.189044548616711,-1.07777603746419,-0.476051237647421,-0.0742190150722613,1.99498624372389,1.15627784430579,0.446075601086465,-0.744367045365983,-0.627745333209963,-2.11185369823736,1.05768891304478,-0.913313030042956
