"V1","V2","V3","V4","V5","V6","V7","V8","V9","V10","V11","V12","V13","V14","V15","V16","V17","V18","V19","V20"
-0.896914546624981,0.501543172586646,-0.459789424535223,0.421683789571945,0.466200432306298,-0.831350185426461,-0.847244230547827,-0.807071502896664,-1.89234890975892,1.52472163772583,-0.954353123108179,1.2925905178463,-2.13847638473007,-0.711074643555337,-0.300585421654501,-1.9214489865066,0.640844543505996,1.73900014010249,-0.10608384561192,0.0818422223131606
0.184849184646742,-0.40512937600417,0.617926102494976,-0.435055533550351,0.954666406104952,-1.05961169300737,0.070429275350386,-2.35859634220859,1.29280420217746,0.404599652516888,-1.40814954907101,-0.128812180499151,-0.900791824879908,0.247291783441575,0.0585440100050448,1.66672336284543,-1.60137777249518,0.0930621546894776,0.104994426521623,1.68896250365351
1.58784533120882,-0.177385590223603,-0.720422355002003,0.205607578630483,-0.947206350289126,-1.39635856756748,1.58119490762044,-1.48880692876858,-0.618254309129117,0.654080216680563,0.541784125723813,1.62522945229592,0.149915076539991,0.277635075763289,0.50134607254188,-0.0295307083597812,-0.777815390794505,0.809109251982817,2.01768372730839,1.14833830165437
-1.13037567424629,-0.31954456901413,-0.583511943033829,-1.5685823433945,0.0385630902028559,1.82438305089359,0.0205979861330468,0.706203967998156,1.04093831791971,0.242934139328065,-1.24323912063185,0.822134042496104,1.12641275648922,0.856912697582628,-0.109977295330823,-0.86112424830034,-1.64739248861759,-1.18784152530729,0.817180286051115,-0.144007405588619
-0.0802517565509893,0.843450392304099,0.216324503888311,-0.0178192032638372,-0.83088230575641,0.534859724393007,-0.123370514946647,-1.56211172666595,1.17587949002001,-1.29578548565379,-2.03562936164937,0.588868722215569,1.24936629017568,-0.844620237100178,-1.30964342823377,1.41101086939524,0.154266238872779,-0.535859710012953,0.857878460294622,0.586551146548886
0.132420284381094,0.483656649248947,1.24499124039295,0.103547728644428,0.557171754663847,-0.663379878918575,-1.25737889996736,-0.637073831849055,-1.50183212213,-1.78425498262172,0.0246997354414377,-0.77061087369426,-1.16588641762299,1.53870032524145,-0.527972239818123,-0.768414248365917,-1.17563126025694,1.58772118550674,0.783332790487238,0.371919478784741
0.707954729271733,-0.303670147688118,-0.76790198430386,-0.834782140401637,-0.112102708779879,-1.71073093836283,2.36990674617882,0.0476940365370702,-1.32681656231283,-0.15556576769947,-0.479092641430938,-0.0280240719395559,1.54351940677946,0.287027531391117,0.866156328122413,0.502275631629214,-1.10212806763699,0.368609848718955,1.97897723420935,1.19001384889157
-0.23969802417184,-0.285096096390254,1.21306312902564,-1.19459191006725,-0.957637687944355,-0.697830438575219,0.476154281148901,1.36682693344065,0.885172675801047,-1.14714274695624,0.400509360157446,-0.526038506318623,-0.519758698650393,-1.25563524391306,1.82041857012746,0.532612207947785,0.388445078433193,0.663631389173859,0.630878357903992,-0.345204778103617
1.98447393665293,0.980436677460965,-1.14433325654949,-0.722192546212743,-0.468073261022659,0.487250453443695,-0.115800912483947,-0.0717973198248516,1.00098242710417,-0.552876327695453,0.185555544536963,0.0862628476031093,0.866773718236336,0.643864652445519,1.07441778077755,-0.219146698374776,-1.71646816888781,0.866470559851259,0.79610413817969,0.925168677007569
-0.138787012119665,-0.171319468959817,1.47017704967219,0.00301320827345225,1.0447567182588,-1.07434412074171,0.366874772541117,1.61287969405129,0.344646906999979,0.0175903138363698,1.44770133076136,-2.38702603232456,0.631765468316845,-1.06491984691026,-0.125274080846126,-0.0540876832732091,-0.290061183265815,0.35013025270372,0.879966573621537,-1.44450213848516
0.417650750792556,1.34301314155709,-1.50242450748077,-0.340728927171888,0.00330589524567445,0.496651443941483,-0.653103336419285,1.17258260131769,0.443462772763792,1.67907465118344,0.782816039704567,-0.387064305946166,0.00249567799222782,-0.73998995231917,-0.599281667223238,2.29495051419961,0.406935714355498,0.878730667150278,0.891097313668679,-1.07012623857058
0.981752777463662,-0.0983584350982013,0.141779540791581,0.341991739986647,1.07664535742661,0.908584767948718,-1.27644268763579,0.635161458229399,-0.361722385531536,1.01026506497731,0.0912814456349886,0.577502439510501,1.22891555448682,-1.47862321317316,1.25082520529819,0.743540009746504,-1.28129294311682,0.0800659668366866,-0.628030151206487,1.48434299109669
-0.392695355503813,-0.321995479793863,-1.5563981274745,-0.373229791329106,0.558143498739035,-0.519621112361448,-0.422547545211141,-0.33497348241104,-1.13524056368828,1.49405581882426,1.2716298529549,-0.140734610183362,0.759674000140406,-0.159302488941313,-0.0678892791877525,0.972766770904295,-1.72823456935234,-0.137722695739947,-0.830657737728174,0.30426982023916
-1.03966897694891,-1.91473450111813,2.17641951836797,-0.0156701773062782,0.691967582308115,2.0058045138312,0.966716609247187,0.056557966123415,-1.86870081243678,-0.778461583384358,-0.488631148774141,-0.260980992782795,-0.698859184286349,-1.41933458648849,0.497375840557536,-0.906168968115514,-0.68827534620373,0.330487117461569,1.38889842379823,-0.014302190043675
1.78222896030858,-0.64704139315246,0.295184801989408,2.604247319453,0.657774065440003,0.907341304739282,0.0477347232801085,0.785297518479863,-0.879596160248432,1.22859732852087,1.52185049154611,-1.67348866835222,-0.354059375076409,-0.00587094735305599,-0.295632276021494,-0.80070021266639,0.678295369311595,0.169584099953269,0.678650517809599,0.146595301407254
-2.31106908460517,-1.3994368468685,0.444527519796661,0.67235511979552,-0.32703751172603,-1.39933790148775,-0.609935972789854,-0.434518304500249,0.601715210262574,1.44508489502166,0.468881475479265,-0.204854491005267,-1.11888526553197,-1.38796452594282,0.216723894899053,0.826523513995489,0.888988473490569,0.688482889332127,1.79568098318148,2.13626497451873
0.878604580921265,1.93117426931381,1.81819905589899,0.139549077943413,-0.304537493687711,0.752466925815271,-0.833057519486465,-0.0788931139134996,-0.0144482309572286,-0.311168873358946,0.51429534461282,-0.0778307227064731,-0.322745717806115,0.559839305845775,2.78437561687396,-1.66179313229454,-0.880461145208586,0.26903428296869,-1.36758682513246,0.995744145618901
0.035806718015226,0.461572292648042,0.635711376141992,-1.02443154470378,-1.55490891024103,0.279736611966477,-0.966196771505704,1.637873669266,2.82741653925382,-0.0346620875210442,1.59439815543378,-0.522007601830536,1.49680290687416,-0.34784540737081,0.795235944371194,0.610844635336384,0.973858589097094,0.293978035991271,2.36620888144399,0.307139369158698
1.01282869212708,0.527438746554901,-0.0122593871092231,-0.287637691478394,1.47029443264774,-0.213248130358715,0.542952689664625,-1.42519185417548,-0.0970026182601692,0.641625297628527,2.24575443536389,0.901429982658192,-0.1243944651172,-1.71094517735756,1.44043815684921,-0.882745503553688,-0.486713184847997,-1.44662297463328,-0.0696452815437038,-0.87162566958225
0.432265154539617,-0.0366912729270969,0.810971953591701,-0.850715290428322,0.162334450188198,0.585471701429748,0.102328392566549,-0.722333945983641,0.81566725730498,0.965826534405228,1.10003547861842,0.594850941176804,0.367005978930455,-0.290848269710451,0.811738765581251,-0.837341364630769,0.495214758133756,-0.511691188115527,0.620678311967455,-1.43300547605666
2.09081920524915,-2.72016802765672,0.150069230712981,1.13463716203154,-0.29414759826237,-0.287244162600086,0.166345969046706,2.58801436025243,-1.26577580704786,0.542418244022519,1.39491811887571,-0.283273941371734,-0.313965017585389,-0.69393409486327,-0.15482887646918,-1.06348871586568,1.97404497078852,0.596362151545868,0.644847446810893,0.559129025031866
-1.19992581964387,-0.0471255158707467,0.817130260152827,-0.236856418162418,0.856111191566494,0.133437982813978,1.40673342162195,0.385827496741848,1.21547429645092,-0.286401156580653,-0.105158680523297,0.974334276049629,1.84162715813359,0.662860582947426,0.348801530076336,-1.28911208819763,0.99519028099043,-1.17900814996303,0.691164041986554,-0.308951600458535
1.58963820029007,0.00473647159509749,0.408353912944682,-0.577588778571018,-0.572716208118533,-0.0378074538639507,-0.469811004730334,-0.0736665628902357,-0.172163607675405,0.335863503889931,-1.04724749001282,0.15622247538879,-0.365028834307897,-2.00802314214328,-0.895595412744595,0.518622598387127,0.890961124957986,-0.808601817161162,0.851604921540201,-2.49983512814226
1.95465164222325,-1.22530374327102,0.142611507135656,0.369193598566442,-0.170812133658326,-0.290244033452926,-0.509268266833132,-0.0424380269940379,0.416863877695424,0.930375124874359,0.390060121362836,0.825696061941001,0.482384672479547,0.589712630168973,0.47269124975129,-0.0680766732612884,-0.393871668095424,-1.13607772538376,0.778705547978182,-0.855968199811863
0.00493777682814261,0.250925215428589,-0.103639018359572,-0.570786847071607,-0.40607217047639,1.9470714954887,1.47043992994509,0.42617079142076,0.81723707322868,-1.17627798162031,0.729050046216965,1.21016447453584,-0.825178292774257,0.560364951719431,-0.41857219594606,1.29890318718156,-2.41668698558462,-0.931677231280752,-1.21412654413818,1.34498042048887
-2.45170638784613,1.60519993687242,0.701932636928709,0.463742787327293,1.33061009456164,0.673497561784282,1.04645642821898,-2.26244944086523,2.928581460943,-0.904357802984636,1.39521412570691,-1.20122058605768,1.30144539958034,-1.85769560677049,0.145684748377966,-1.20734960380079,-0.747878992481931,-1.24243397971694,0.297992841939084,1.20623513022032
0.477237302613617,-0.0355198773844516,1.04073413925934,-1.89497820560216,-1.36455870537047,0.202170036381026,-0.492462196516179,1.00087609501678,-0.950734877073174,0.557119897132455,0.763312926606524,0.00821767793526914,0.0467696624875534,0.252691787588886,0.558752833153773,-0.0248492621942089,0.732117448168734,0.071833545226482,1.18675704492848,-1.17924443294125
-0.596558168631403,1.02941809044407,0.0491298297676165,0.203767429476073,1.43107086179485,0.624852138890029,-0.516065518579626,0.0629322618075592,-1.07378738606033,1.17904949575383,0.568414066108784,0.762876048043797,-1.01894379280065,-1.19936266536919,0.072683241048321,1.87247744682173,0.626948481314608,-0.304227386087736,-0.102561639130527,0.395709534412366
0.792203270299649,-0.400042918552151,1.754302674533,-0.0809772795280993,1.10659327537789,0.481775872955057,0.624638995847438,1.53059944052526,-0.602682296901167,-0.20102645392319,-0.891677203080552,-0.500181063213546,-1.15793782461114,0.654395284141018,-0.875606351964522,0.0506084982313576,0.453690461103317,1.79890535129109,-0.291294365713473,-0.516739414949629
0.289636710177348,0.0672432153259975,0.0522128181107619,-1.50966957341753,1.28113633930841,-0.198391589435969,0.213616470383485,-0.686538725401915,2.07386577114492,-0.138634723243144,0.470182109055884,0.321495048059014,-0.260436090091026,1.3693564297959,-1.88383357105337,-0.24055260569331,0.633919523325649,0.702402286439901,1.66141010619333,0.414780392289105
0.738938603762125,2.03580785528113,-2.06630751093435,-0.0115054425726645,0.018388773233156,0.739222613021018,0.669747432113789,0.690711691466445,0.958201237216605,-0.413004981003546,0.619343779677266,-0.431183645745372,-0.480899693528484,1.04092179694636,0.554931054052878,1.28210309439933,0.350089921431383,0.365633463648115,0.878761995459136,-0.0119220253754365
0.318960401097649,0.649518805981278,-0.370621449544289,-1.14960882232568,0.653782578762354,0.111059680614848,0.552089131325254,-0.469806823428824,0.113236370939886,0.817373156720483,2.41899917541389,-0.563539555090805,0.908075097919513,0.424332637077719,-0.137370927017145,-0.30718278461185,-2.26658795766951,0.250864379592764,0.439823995168473,-0.0879533739142518
1.076164353812,1.27935153013371,1.69308269356899,0.116399182581964,1.39495947832364,2.41065825692474,0.452715215610996,-0.830011170590358,1.57385057093195,-1.16172990879654,1.53028659207744,1.99623193647765,-0.283164303199779,1.09818579809978,-1.3839318339672,0.0943600455888306,0.254596201992511,1.4352548823218,-0.218609974120607,1.63261793056794
-0.284157720488246,-0.62819933720089,1.15030963071281,0.347304241184207,0.288547675172009,-0.615951589543538,-0.892063247961424,-0.189129717790707,1.05506215608567,-0.553924787070347,1.64848811387488,0.693195166316947,1.5212382325934,1.93015243260896,-1.27446550262573,0.890246344981485,0.566207437402866,-1.03087194495753,0.371925194703819,-1.59743520412789
-0.776675273979758,1.3503320233579,-0.104613814047715,0.546932837095841,1.02198597572701,0.874736432489452,1.42928496495738,-0.983632917878033,1.55895415416916,-0.870135589005869,-0.35613693010076,-0.280190774826211,-1.08096099476972,2.05734037264283,0.256787698641305,-0.579996054790433,-1.39730504326312,1.19759062483303,0.650657508266794,-0.0773196105990433
-0.595660498691777,1.6725899763154,-0.515688492519977,-0.518076940027921,-0.329424294940933,0.534043028343226,0.853740565193892,-1.77886626928859,0.0550659299944834,1.23430099800622,0.317628580338181,0.945992570267449,-1.360951059263,-0.403979570091581,-0.126108768310963,0.172568856543634,0.678409227535014,-1.46996971410229,0.277975040996687,0.435992268856388
-1.72597977914603,1.17272955744512,1.52367539233351,1.29514059710136,-2.05803020808436,-1.05226224398945,0.741864168049173,-1.20103989916718,-0.226303519989518,1.91775146634464,0.49138076959592,0.595191916262359,-0.423952306010513,-1.00048985357082,-0.445253890962013,-0.86305777140585,-0.842069147247124,0.946004819249939,0.456445173131932,-0.797059945866299
-0.902584479763688,0.00617893659147137,-0.325877498728885,0.95314957059834,1.17940304590861,-0.540108481518432,0.171494650442918,-0.616952764083197,-0.104270197856823,2.07797745291051,0.349150912396443,-0.539848361510469,0.586521650536258,0.0609284078935919,0.510405230227426,-1.98579725954712,-1.55301630823067,0.0894018448001441,0.866431352574293,-0.492877468033644
-0.559061914900466,1.30551221982773,1.25083755089769,-0.0966952892193743,1.08027237117864,-0.773926487328215,0.422326350527789,-0.38100760293434,1.03139607208836,1.47070428613302,0.740537784498166,-1.81712119504897,0.2944037850413,-0.242707721971395,-0.837581080638899,0.732206128180559,-0.418907248453632,0.387161139409276,-0.656761569102126,-1.01943641462063
-0.246512567333516,-0.0929868322542157,0.651323685274413,0.394147633990866,1.7112874591114,0.663241803492337,-1.26164350253471,-0.352363826160725,-0.464276062306285,0.461705749886304,0.821063984841266,-0.390820753065701,-1.22360836004403,-0.930476853554881,-0.266216976882563,-1.64327487221357,-1.68497657662594,-0.596465935796826,0.682081293546741,0.54540687996389
-0.383586228431444,-1.12874981636283,0.0921040760922069,1.53723046841532,-0.586022394229353,0.52317332805813,-1.32108628347978,2.31339221098207,-0.366863830684486,-0.379680056642376,1.52216271589722,-0.0250196564486435,1.1570205590447,-0.405623606717503,1.35191732059816,1.15718645555936,-0.968627930237002,-0.329218763741591,2.41753665930268,0.0225009787090945
-1.95910317516713,0.587346385267675,-0.0638321281571645,0.369382266294808,-1.44597388353353,3.11226200373804,0.365225999831341,-0.729178706352912,-1.36910036847579,2.07120422781936,-0.938311979696345,0.28691365312999,-0.0303685265265304,0.37634942523348,-2.3418807960868,-2.19915517936903,0.00861357005832605,-0.423493881257701,-0.501655504708552,-0.245410596740605
-0.841705060135608,0.0891638815230878,-0.836044918243271,-1.12762136412975,-0.815321337933904,1.90363266609215,-0.0808886903565023,-1.7533435097018,-0.532474912189923,1.05283755005766,0.412182778327979,-0.390633568379212,-0.560971108803424,-1.29215562129987,-0.100364256946901,2.44145048313996,1.0231831299029,0.148186893907593,-1.12192733192154,0.821854850733473
1.90354746734764,-0.232964425254133,1.72874451432447,-0.196152698980826,0.124428509567422,0.137405310115935,-0.183293800909664,-0.419581621339516,0.291758540503625,1.05162458801393,-1.04383837861633,0.324345719966015,0.757573813881803,-1.67941966996442,1.07898784676507,0.980188630942317,0.785107193029088,1.05170923015741,1.05848603313316,-1.25762150019545
0.622493930120737,1.48777587929769,-0.967083021781129,-0.264449417994241,-0.895992771445971,-0.888041734004453,-1.03379203177083,0.531683565991002,-0.515266962234478,-1.89760738974723,0.442978015862725,-0.0405399447655368,-0.266470634154593,0.92244008607876,0.410126411032774,0.73476750038376,-0.404566429923771,-1.25252878133101,-1.18808858791911,0.822739348526984
1.99092043558031,-0.354093261000399,0.566358906328938,-0.390119838028217,-0.519193094944362,-0.989888986068281,0.718322431510463,-0.130929226914524,-1.31621107871588,0.851969089915193,-0.870040766196517,0.334062391542551,2.07707036455927,-1.08956501582061,-0.330014089108874,-0.26953787765765,0.593747243795373,1.663406361712,-0.532600380254733,-0.999228335945297
-0.305483724841454,0.418648424967341,-0.450621098767574,0.017414212545443,-0.561759751073012,1.88587644780909,-2.82269379043031,-1.12670101030821,0.29021198295763,0.435491243135729,2.95257483432862,1.29678039646906,0.506812849521666,0.878995639856514,0.765830088615812,-0.909895516702432,0.253174804865729,-0.153583654132634,2.57485127874201,0.0627617392246279
-0.0908442352007592,-2.09743553991776,-1.09788114114662,-0.291191103030873,-0.409736217890762,-1.18130041636959,-1.25174043709021,-0.805937894811594,0.431996709200271,1.03849757835711,1.91754364422723,-0.0403601113175013,0.609799401447899,1.60806045879603,0.863080464556519,-1.53168611083723,-0.28922060492332,0.573113783103048,-1.52460963580178,-0.525179013398846
-0.184161451551261,-1.37048018089005,-1.25460819013494,1.16580156690101,1.27002481942687,-0.365518672489947,1.18425694903479,1.14872226164556,-2.64136436246825,-0.0940539218006315,-0.647144142789583,1.13486989015507,0.506871013780917,0.975491956414654,0.391511454336202,0.503190601194127,1.82894239274439,0.090017886985484,0.0111353580313189,0.0354019486924628
-1.19876776530741,-0.684462856623467,2.15667892207815,2.43208229213562,0.50762965936927,-0.297712382333584,2.25520267539343,-0.329838945073963,-1.55365171880812,-1.48969442836835,-0.00957150929826425,-1.21069388599425,-0.734818254771775,0.0949197576108115,-1.87490696430923,-0.193793492164343,0.74122283230313,0.766796098906984,-0.905774200267656,0.950067904546036
-0.838287147602044,-0.318119842506556,0.340201106923643,-0.629044145689438,-0.54806234389942,-1.60233561977526,-0.930446147355994,2.06105447329422,1.01679194664574,-1.00701540838222,-0.909293824591939,0.600055717304519,-1.15188660562118,-1.80633356684624,-0.0448991280318688,0.384404022959682,-0.179993739210624,-0.248098568554086,0.632791080663551,0.615083442822632
2.06630135573124,-0.315490254600117,0.537022718024272,-2.27434445649703,-0.0544148514368009,0.430430903531136,-1.69138322471398,-0.534764934133405,0.927500323268674,-1.16952286861327,-1.71053553791003,-1.46173614665816,0.392518536681116,-1.06942315086866,0.201694834095914,-0.416339915619527,0.6576319914861,-0.0159443081522631,0.490401424322684,0.826794879236614
-0.562247053342494,0.884322323517904,0.958403208412998,0.334937154971494,-0.974826715930294,0.995742828469424,-1.08164327944886,0.89955488808412,-0.0158092418016283,1.34276459310954,0.656758156492642,0.0683096806374467,-1.16417123471267,-0.52279445088204,-0.218360567248688,0.382405055559092,-0.504263764774919,-0.306873943590332,0.27255740421905,-0.423672065657242
1.27571551185092,-1.88542130567688,1.42177980813989,-0.213688006506386,-1.51228573688049,0.183586511104622,1.03416200566724,1.60496798258964,2.13211797080729,1.87221515594815,1.26486960213675,2.32816113819,0.658461133593664,0.847106651664283,-1.64119911719841,1.48191443024693,0.360398048056608,1.7394817306564,0.960698084989435,-0.836829329154816
-1.04757262699498,0.732179328228127,-0.166261047138844,-0.031542401568337,-1.39582148780175,-1.39500139426117,-0.716827487716722,-1.81067449881291,-2.15838156426406,1.94493483561772,2.26652168617422,0.906366421038395,-1.53578525519567,0.244850508339578,-1.1037616373383,-0.647185743604336,-2.37652304655412,-0.265717781922022,1.0663080065904,0.254933076881822
-1.96587824144733,0.790544663956186,0.788243018003793,-0.696083544538039,-0.759851566296995,1.23583354873627,0.0984715139986969,-1.84280772145102,-1.25991884915136,-0.378531692347512,-0.812001158903075,-0.538164096160154,1.42742652618736,0.327700323878807,-0.0403326593426779,0.651774882772652,1.43815229096105,-0.228399747061143,-1.06487626285613,-1.2650714738635
-0.322971093759972,0.194853163901642,-0.626256667630593,0.968421002980993,-0.264716825165989,-0.902122438595725,0.343536547231288,1.74344943622169,1.5771498719689,0.90106529835711,0.864966564245691,0.750823332007989,-1.29635247644309,-0.143295948612839,0.0954529342751116,0.664413390938977,-0.00633184329676932,-0.228772675352976,-1.28468272871053,-0.388155635871721
0.935862526808633,0.92117799273055,2.00945359610155,2.39634862191176,-0.850738488914364,-0.383133474489071,1.44211746502677,0.546546000776801,0.457395664028148,-0.976643495573248,-0.72708030449979,-0.561129336518096,-0.913811567330515,-1.46802618081535,-0.801369296527135,-0.547792858143755,0.525217276269533,0.273413395394852,0.524383764717265,1.12581083001449
1.13922980273408,1.24145620752342,1.48125353853947,1.47612071821176,0.219143390568446,1.15590107213516,0.0951310656159627,-1.03782839234954,-0.583728887777771,-0.613930252434751,-1.13281508749722,-1.07288833330594,0.801449636110518,-1.24999888642586,0.800883312720575,-1.44906249265073,0.35371117013137,-2.10337063681591,0.231666136902085,0.462732338406636
1.67161876732599,-0.681170802112038,0.16474888002112,-0.46718916706768,-0.898481584639921,0.53304033457025,0.222524607087976,1.49978281687911,-1.14249361787385,0.27607688179905,0.998245410721543,0.491086633217226,-1.33617102105051,-0.00316785916700423,0.0251532159264807,0.0927363515831094,-0.691707936104422,0.184562248366442,-1.3467759367408,-1.24010280120302
-1.78824220676485,0.515330463698574,0.742353394104175,-0.589445353935123,-1.658264125655,-1.17550863840064,-0.499969717073729,-0.339858661308729,0.42305004094116,-0.572230534667502,0.579974019217409,0.106840991425378,0.129346881739565,-1.70744555849942,-0.66524062513834,-0.616144707163042,0.96709046245146,-0.335579914921181,0.826135287290836,0.283909985781097
2.03124251875525,-0.468211085061096,-0.764468008102626,-0.987522071951093,-0.138413813820283,1.52052277215852,0.58816230422732,0.315531074370689,-0.250833348530736,1.50940601246382,-0.403900372688986,-0.284474966700203,-0.158894906624492,-1.25486847359962,-0.668228442379891,1.23984539665921,0.582649218365096,1.63001723051129,2.76223754411191,0.761000572409952
-0.703144332993886,-0.502057322034728,1.4614512586786,0.160707243806194,1.25670349521928,-0.524982044487962,0.581215172886744,3.53988086518037,-0.696339108059579,-0.126999903074595,0.827142783438122,-0.0345313363817369,-0.938178248996904,-1.72842901181974,1.08015934856594,0.190625304892962,-0.680737568983548,-2.02427752455697,-1.23878507160636,0.454815666607302
0.158164762560122,-1.97399187464224,-1.35409638838573,-1.69562074963187,-0.539956392257894,-0.59807892425405,0.629343124054563,0.37010814957795,-0.31509188412532,1.03737038275753,-0.384479111768579,-0.811321314735568,1.05677487008494,0.281675185880878,-0.272790067401268,-1.60948539588862,-0.930959496420816,-0.338768660916756,-0.417601434379208,-0.834689473249495
0.50623479748072,-0.569445894440982,-1.21785547542157,-0.154343593232843,-0.492778865267425,0.138560757382327,0.811618963128382,1.66788794729752,0.721201031655496,-0.74595825121345,-0.603114372336294,-0.22617055692307,-0.529183332771031,-1.40846466515409,0.260077306305172,-0.23151789853892,1.4135125143605,0.346852678913969,-0.142198666347555,1.39112641233838
-0.819995105616198,0.475330552876257,1.43851940267339,-0.564244125834367,1.04999164652427,0.33154383486726,1.4636100685568,-1.3552602760783,1.53766427020189,0.542653930934271,0.927906263754202,-1.58537631118902,0.349232982940413,-0.633471488552083,-0.201540365399496,-1.84638431268039,-0.306185516880203,0.500467836121012,1.81436309935624,-1.41843554321761
-1.99884699496412,1.21721768877771,2.6890046998286,-1.8864750030412,0.894450693184348,-0.459389165046535,-2.00057632126271,1.33402545933526,-0.788776825784135,0.798814046240422,-0.0309791354691772,0.570528422694697,0.95994558060644,1.55680344460149,-1.24791243116593,-0.494472012328594,-0.00589016568302194,-0.19862728033418,-0.641213716523972,-1.20966219498133
-0.479292591451641,0.117689567892731,1.39010727981053,-0.351837148054772,0.433084011856521,1.51429160543711,1.27823355312985,-0.286944122491633,1.21658438989041,0.316116764671993,-0.248540148542185,0.159187764671165,-0.550443338340503,-0.2583521019131,-0.0142059935604801,0.794484712180671,-0.135047520218381,0.0543825258823813,-0.476672289050867,0.0363520563229267
0.0841799043222426,0.0883667144133095,1.10192418258703,0.304248780453158,0.0771894723194934,0.681397660764759,-0.700373666445318,-0.621992363321083,-0.101520532124933,-1.19914816194064,-0.37779326369645,-0.912749709275807,-0.881223585987306,-1.14431301606995,1.26537662101327,1.23489421066335,-0.813263931174041,-0.0941215312980074,-0.33690061144463,0.75087809033223
-0.895486610663309,-0.200617080515886,-0.271705266035139,-1.3212939479624,0.821747807404912,-0.603175180968083,-1.20645564767919,-0.26402139692864,0.441772873718588,-0.0548015596770492,0.242050741141062,-1.10266161663014,1.47503547351184,0.725953874350914,-0.248992561210723,-0.0581004518837875,1.767852519243,0.380202723093601,0.017462771117999,-2.30155091464449
-0.921275665507737,-0.498583556674968,1.15223751238935,-1.45723241028648,0.96661446850625,0.0705307483665201,0.0246022620499682,-0.350581919096176,-0.705013676560075,0.261141565437395,0.45301433137128,-0.298369487117607,0.64552559735988,-0.392909357341122,-0.641945207171796,0.583957315610234,0.214857399898444,0.582321876927237,-1.9451563548973,-0.93000528919998
0.330449503465315,1.08966753937734,0.720334819068436,1.14749746280844,0.223137311685244,0.626634248428137,0.858933384617114,0.257038166282815,0.377024308737299,-0.397251321212145,1.85251676244403,0.546981466881952,-1.52532802687017,1.33470399920107,-0.28148972857514,-0.249536815904546,-0.903815151761718,0.836476576470444,0.386998612674605,-0.580867565414076
-0.141660808936081,0.921630778761867,0.0645521082967462,1.21253515047169,1.1071510721717,0.618469243295995,-1.59229199473899,0.596638083978562,0.811989712235236,-0.90997376737299,-0.241201508215804,0.394738604227538,1.14081349785198,2.00014794247276,0.280280758582081,0.125841380254569,0.116246635524025,-2.12264688326081,1.36109387645026,0.014230714748098
0.434847761502698,0.364553557778578,-0.0697090682596864,0.158587836043583,0.781262124251805,0.561909173247874,-0.833758365264279,-0.0458610923869652,-1.78283261081004,3.24601641824002,-1.33160280477628,-0.0469791759785592,-0.631496301998306,-0.118015863441965,0.992580183375303,0.358329707361691,0.0298307351396963,-0.391828745348928,-1.19611007899052,-1.02286772296961
-0.053722626017184,0.295148154713867,1.19479764733255,-1.76242209518884,-0.836441554010618,0.349372713644825,-0.28130585769805,0.216457344650682,-0.455481008037137,-1.47733982980283,-1.13653967747227,0.700031001149208,1.21140849186896,-0.483916155426813,1.19713636894757,-0.522736403100966,-1.09160931683423,0.478839913389771,0.278832155521929,0.378725274581687
-0.907110375593489,0.529948418142301,-1.13459103706075,0.260174781442072,0.292141446935055,0.684600702478168,-0.122848757151736,0.473345392063411,-0.592980770002199,0.690576767726915,1.52575802045492,1.40252635121549,1.35110079453178,0.823557351696988,0.977959760186086,0.312401448236122,-0.296033060120374,0.407272499273721,-0.722167132460725,0.0399286791227847
1.30351223242227,0.968789802557618,1.06484166247858,0.162078239403598,1.31231043496184,-0.191042927098998,-0.661013984311101,0.485330714997692,0.350206890684526,0.185332073278762,-1.3476555620716,0.448135594281403,0.0442088591928942,2.10017128570743,-0.764609308408215,0.42338761550476,-0.782596263910486,2.22055856727431,-0.188364704599118,-1.74086305259317
0.771789775539861,1.90860573678394,0.051141000899721,-1.51847123084838,0.0787176989940976,0.647315751966382,1.8878698046683,0.898649589866483,1.00037000156443,0.724030650640183,0.00640999543461686,0.746398683048098,0.614154209343271,-0.0618565316563185,2.14263032942677,-0.409744707153798,1.09683045682455,0.736729688534312,1.75932436522639,-0.263685287102111
1.05252559530764,1.50279344771951,0.807792431453091,-0.187419668900833,1.59304088711019,-1.08936237143267,-0.313677462726814,0.0724507400776015,1.21635644220448,0.402272087920787,0.435262174408082,-0.735095716786806,1.14533332539476,-0.0929968792745573,0.02662713726653,-0.869965054965044,1.69451927579213,-0.184379712039568,0.373587544455645,-0.82276842934344
-1.41003834066371,-0.311827944012291,1.34188539918938,2.1833341796057,-0.716681532469997,-0.452668283913557,1.14286411003042,0.0498821034869024,1.25561483263337,1.23414806665914,0.698735209466458,-0.884091600179524,1.11068795968152,0.74154535356531,-0.938217566412939,0.190289034682564,0.528973984683259,-0.0229208866187921,-1.53214788355333,1.65006704876022
0.995984589777751,0.948018686160141,-0.550668682188772,0.34337434442748,1.32175842380862,0.700945255859419,-0.633380498637823,0.21007184155396,-0.185165611266782,-0.07996039931081,0.805605195040774,-0.168475497018548,-0.489156497677536,-0.418813167350196,0.00988841855295814,-0.510665145605856,0.647397935293421,0.414155704735243,-0.704879516603638,0.683093719685744
-1.69576490337902,-0.087672762179813,0.633725189228894,1.93368290455953,2.56528734491875,0.0661940933236105,-0.158729526920356,0.252040498380168,-0.0169413894296687,0.533564598554753,0.0143161460016463,1.19411556956406,-2.47403088709195,2.0004301271911,-2.36911953204578,0.979455903461164,1.74010290033478,-0.268762356588713,0.262252441406388,-0.432595478670138
-0.533372142547197,-0.193726312063934,-0.324827574984398,-0.560840618551097,1.36972193337825,1.15852052391349,0.92861901023518,0.117578993823007,2.02852640140178,0.413005338788092,-0.773746354717305,0.692500963608455,-0.358843466401498,-0.498831420807204,0.195366830800923,-1.0155872404845,-0.0808095878374486,-0.851598076359402,1.01065907844589,1.36084120650348
-1.37226945114308,0.72924072973125,0.846145186594755,0.519608530589504,1.15503793830694,0.013588429523422,0.424317086548076,-0.503464366815537,0.941067690323368,0.351543751462973,-0.364224598138588,0.303035977270298,1.76351931321664,-0.985921594778881,-1.90843226533907,-0.22824968633277,-0.229565449050185,0.149087712876461,0.209561185241036,-0.0118766419000449
-2.20791977880464,1.02840485781331,0.017041387842901,0.980928546899587,0.129946603220887,-0.991196598841244,1.10870495608605,0.582734581871315,-0.107464417482032,-1.54900568827522,0.308574909105345,-0.972916279482487,0.955642439938214,-1.23945562592344,0.079822958344645,0.994003576355421,-1.06714764608876,1.88092133202256,1.69436823206392,-0.841197277965947
1.82212251875356,-0.307190338258356,-0.325522628734892,-0.389462763860006,-1.48473321227884,0.822752359617377,-1.33823124827676,-0.800736954349223,0.939542338255339,-0.284104311726262,1.0080763669557,-0.727414664768289,0.596594541965572,-0.781921060183404,-0.381012158958397,1.61770745332249,1.91375260380597,-0.251818183460712,-0.470173811097775,0.334015566724049
-0.653393410818779,0.765741594419889,-0.88579413899415,1.14625882488691,-0.762675200115428,-1.51308381554949,-0.647492568719087,-1.57273493186031,-0.564794148634391,-0.0147803069169754,0.320545295803565,0.191931647311879,0.956326402211309,-1.52277058672755,0.0487003640247273,0.836585431966566,-0.0417144381422565,-0.127390673452568,0.474141014044981,0.496474964700608
-0.284681219355068,-0.0214507334050518,-0.331397035103811,-0.814289883483841,-1.28813368896199,0.0929781155595711,0.295906675063246,-0.605160451337421,0.187600930071357,0.281795103480948,0.300323575831279,0.25188195904164,0.429717455105869,0.529789020250765,2.39633254621916,0.205086943397032,-1.6169034029038,-1.22690462282498,0.018379059179593,-1.05300113353466
-0.386949603644931,1.4925278854265,-0.0105218927703803,0.41872931649072,-0.931570039492729,0.108981335199409,-0.0798276071909522,-1.88325061471844,-0.515219606693251,1.12449624640079,-0.547392584331465,0.197568644205073,-0.641086378909428,0.595647330137999,-0.305071916099238,0.591312263342719,-0.0385890719064905,-0.888626606716742,1.13895150920642,-0.353644392336521
0.386694974646073,0.447678072706133,1.4333550933214,0.437885083793273,0.276217696360097,-1.24289366301568,0.0503531109143263,0.282945844093163,0.0787874323251125,-1.35056556597278,-0.0224089084044128,-0.0808088791820418,0.0634610537511039,-0.494752473983277,-0.0167429377068434,0.0790164928057212,1.75348698045018,-0.264048508191128,-0.987805934991034,-0.670554521815718
1.60039085153952,0.174976829620762,-0.754410642987486,1.98918978262188,-0.0689948531015024,0.29938350724795,0.129068772168899,1.49629804872536,2.80754180472842,0.201251226225531,1.61893081090108,0.225348987715966,0.903883555162602,-0.227143740616744,1.6610883218603,-0.806347065265981,0.435196186131902,0.657520612363023,-0.57836929272727,-0.254812339778846
1.68115495576682,0.387241219346067,0.496193622503599,0.983426938505077,-0.488215140210931,0.0931734348414288,-0.221450137328559,-0.529316422403177,0.839823973761937,-1.81335092033919,-0.808139933117238,-0.442050712117059,-1.21432829929421,1.35264335420884,0.129599525766499,0.378366387493798,0.433205156906318,-0.300978480528275,-0.117404196815877,-0.707174520706597
-1.18360638822726,-1.28889444324352,-0.867961975789646,1.01035306325056,-1.00592449474442,-1.69407272032124,-1.30096794905042,0.720000543411711,0.0498680482287207,-0.954145240652142,0.110301598449249,0.47366957367427,0.397609263014119,0.840657694007059,-0.544635356574646,-0.953826548950121,-1.56693057424124,0.607737471193892,-0.0154789285440594,-0.513652588769599
-1.3584572535632,0.231506833306812,-0.111550048295851,-1.93339856689005,-0.503679460413518,-0.365030548115181,-0.8619636771206,-1.08436026158255,-0.187008903179365,-1.32321168318125,0.384932621572067,-0.783329926082515,-1.67014745885801,-0.193086320904504,-1.65103359969452,1.94978687418141,0.641870171984741,0.588713481890358,-0.651304923840726,-0.0946737669723076
-1.512670794721,0.72014685197324,0.19947351107364,0.487939507175728,1.2997078576593,1.20548562793291,-1.69100161023607,0.0775659436523636,-1.38673412807997,-1.70010444105896,-1.03573711025618,-0.648390927939586,-0.101714072988987,-1.31612097989808,-0.808455753608368,-0.304193302358288,1.88420862013065,-1.40529592058232,0.231364033297812,-1.45576662102296
-1.2531048993692,-0.251431922152518,-1.64546842727753,-0.462508184761157,-1.09367581619124,-0.561118832592783,0.365888734431205,0.808940788488156,-1.15002067273314,-1.13486300062892,-0.521397716638313,-0.697410881533659,2.08867562350211,1.7493677249138,0.502502590006064,-0.573439937976973,-1.07699966950115,0.00729271032282893,0.0933169728041551,-1.36070672758249
1.9593570771456,-0.318995883626896,0.785991505502973,-0.161273344198044,-1.24261377084358,-0.350850502991958,1.29734975355258,0.563066250381151,0.564368505820512,-0.187661423793158,-0.639482823167484,0.843378248641431,-0.384689886739571,-0.102548888062289,0.0292464988205883,0.835895725515685,-1.11947690338721,-0.707858671983406,-0.0930854827845342,1.22389731251244
0.00764587213276751,0.983443424860075,-0.15292961093249,0.0144350449955732,-0.960274313141846,-1.97983709213807,-0.652382297139507,1.09517506351324,-0.34907909752366,0.72176882165759,-0.119247983131558,0.94476273832465,0.34898069162504,0.333208326323626,-0.273237365670017,1.81241646570797,1.70895496731068,-0.365000504747185,-0.0250706238685267,-0.625842890761789
-0.842615197589633,0.828240955983678,-1.56301172676013,-2.33362352238968,-0.296227688484172,1.36023501746475,0.165682951909029,1.00404868504828,-0.712004667200639,0.445311193717545,-0.733733834878435,1.16977248448215,0.886977434405527,0.819429425309165,0.516550365566742,0.507063276823965,-0.876569167928228,-0.745280527570056,-0.0815297347914368,0.310420357529486
-0.601160105152349,0.382793867016138,-1.06968494062802,-0.321099079224708,0.703822215542225,-0.59745092455488,0.127996446397709,0.338414840047053,-0.682877263118738,-0.408473836378444,-0.107136358853678,0.796397349821068,-0.212575815440236,1.02540289228178,1.7913736016565,0.346893089478507,0.40896113847366,-0.894451815140021,-0.848911368567749,1.3412524090447
1.07445940641284,1.45565975999446,-1.11507182895202,-1.12460318800928,0.428962363318715,-0.173574211968547,0.338743162343395,-0.86233872593774,0.468767190910857,-0.0191454936444613,0.579501527611396,2.33663387956869,-0.111773261785575,-0.829978418784837,-0.595397332381883,-0.215146783170618,1.14452926714461,-0.772476543536952,-0.505433858006152,-0.761029133304114
0.260597835092159,0.66646050945938,-0.114218372157084,-0.246295499251992,-1.13529049399498,-0.425657517858332,-0.266916586813933,0.344540872367416,1.23296011059653,-1.29873470063127,0.253750269708931,0.753381628502498,-0.265291688062096,-0.542160207411343,-0.389291307198542,0.408546784045585,-1.26108091218048,1.72568227493358,-0.740718293914497,1.3445572647682
-0.31427198017192,-0.370007254535611,-0.894621372165971,0.802329082077643,-1.27942266585853,3.16548052391104,0.148135153900878,-0.425787178363186,-1.54165799285016,1.53951984883242,0.268095214015884,0.0682158932837253,0.543052716100479,0.232359816922564,0.954285380557007,-1.27645083292641,1.26555077377502,-1.95208999807267,-0.130367256334147,-0.255876506176636
-0.749630095483078,1.54825123967521,-0.654088905051574,-0.736167261999633,0.09734053225818,-1.90872129875135,1.25659138475692,1.39280996021027,1.98949191384328,-1.55499514808607,-0.554021273241478,0.867881942623564,1.1448785385262,0.986690324585235,0.177940886072987,-0.285618553295235,-0.567581624705461,-0.0446002722901688,-0.389316895495884,-0.688041308835046
-0.862198329685807,2.32926401941101,1.17871628153782,0.596407281762502,-0.629391092328187,0.371784247932914,-0.646281986435359,0.964187809564423,0.244980719702881,-0.377121955893107,-1.29011113923842,0.250129231439408,0.0565677061942002,-0.882650261136312,-1.46431565961344,-0.136211994255599,0.698891441025067,1.12788966395068,0.439449103342611,-0.209904230444131
2.04804030304848,1.39942457142398,0.951516510729786,-0.41727332661129,1.45472890874713,-0.444175370615745,0.180472423042069,0.573766650449276,0.791356928588362,1.41475375533477,-1.27089287197362,0.341770532859169,-0.840799508528567,0.564526031497792,-0.207342719193419,0.0310730678897757,0.646295276809464,-0.700902243017682,-0.00797974357339376,-1.06747447340064
0.939920077613375,-0.941245820480531,0.107910347286716,2.1505657980453,0.905589579563923,-2.54086952398715,0.231892901721221,1.04629521230668,-0.104376412189603,0.393416793233793,-1.29437717474381,0.482750463271443,1.82297260549733,1.2613676024563,-1.06692724288335,-0.405305079194896,0.310186733385846,-1.78415315756329,-0.367247241117284,0.285078760746205
2.00868711591535,0.833300847897111,1.58578738976125,-0.46344453484857,-0.624195548674624,-1.3150737317686,-0.70998627274989,1.36633838681778,1.3990231334241,0.936501825095867,-0.345449584564473,-0.062952265534987,-0.530127853207267,-0.380298719590851,0.542733377211568,-2.01375688708145,1.90270408858059,2.58591317326417,2.26837410541493,0.835638101695832
-0.421373572405353,0.734886592504573,0.826100702386611,-1.35236202439539,0.289764664562178,-0.218411926473105,1.23171284442191,-0.34062818338459,0.83752659640491,-1.17422458451067,-0.726144372605288,0.0900730440053672,-1.10796054030914,0.360369102885635,1.11111697848848,-1.04137904019514,0.213072170054015,1.10654035724433,-0.500326652903595,-0.257622793055306
-0.350834423147859,0.123218171337802,-0.905426796023699,0.691940322490217,1.32220804011376,0.117660894098593,0.435378714426555,2.30184115621989,0.433908871835369,0.514831410558947,-1.36629141346069,-1.46154198676563,-1.1943460399838,0.585016665838092,0.694832644147651,0.671178818221038,-0.301771249163604,1.07946337519713,-0.326352165472995,-1.00674499431046
-1.02738059808676,1.55536357774361,-0.381395987287905,0.883627879083218,-0.99664295535446,-1.20518257088777,-1.88039479835979,0.0340539729760455,0.671271717607401,-0.77760996638902,0.109435158228806,0.297060481472042,0.336540364742085,-2.53868160729905,-1.79099692623859,0.739523312900616,-0.844840167223909,-1.6743473679653,-1.11075701311702,-1.49872953918532
-0.250519126720292,1.42325808493152,-1.21698092625675,-0.391572772633438,-0.780325585021865,0.318139181469005,1.08358073179314,1.74432752285072,0.0150918167492108,1.67059317122323,0.360651775159871,-1.42893826926772,-0.372389389386579,0.40063406593703,-1.4758303640425,1.19467260624226,-0.251153703676955,0.435001163436042,0.189864964911453,-0.724189270694552
0.471859466116943,-0.358757162769583,0.518868252434979,0.851901530902914,-0.124239564837906,1.323843968656,-0.499072653800395,-0.00789684083177488,-0.831177417244167,-1.83876063163159,0.0317290899340403,-1.18184290358806,0.872760258513549,0.128888064849021,-1.73450461326811,-0.360133404338086,-0.56814958403611,-0.958376045750936,-1.10391075474813,0.914167418531367
1.35893982099811,-0.497743222030425,0.541669079211447,1.51638607899083,-0.789116821123166,0.245958023464477,1.85075685450949,0.883370923299843,0.46963319827135,0.541182985275843,0.162571712076757,-1.39467062764488,0.271631830771639,0.422397643923383,0.789444775124036,-0.535338265554458,0.200141422240676,-0.229345387686593,0.712922043068793,0.66390222730036
0.564168602683639,-1.88498803576744,0.130097314104875,-0.97127813333635,-1.41063520450986,-0.0203695188903931,1.65395285739091,0.189317978846262,0.140296194516361,0.0863156516314421,0.497973961536179,1.21908569303439,0.4060282600998,0.0947648852516153,0.102121924764444,0.357054033936704,1.51638808080517,1.9136477486524,0.281683599543224,-0.529718770757031
0.455980090481221,-1.13962628385595,-0.249421027042275,1.62532340507964,-0.103835302753879,-2.70366575062966,-1.05761829446308,1.43709299050408,0.204072108033872,0.368737671371826,-0.266707809883801,0.296282907554552,-0.192661366969207,-1.0025499397536,-0.0082164392544515,-0.321379711778275,0.010547019885529,1.39437920880022,1.1249461441248,0.208542545341912
1.23095366302092,-0.456729017885809,0.959876268523185,-0.477532676961469,1.18662437309407,-0.453770047849858,-0.0218212817870332,0.568113946064516,-0.417696630770475,-0.423480696546331,-1.23328544860033,0.943567967020978,0.37734506215029,-0.328567973603962,-0.104547052552076,-0.805799647152627,0.0970180669590138,-0.0308494063887391,-0.892474870720873,0.64472414183852
1.14713684772712,1.17333357441249,-1.27159585291926,-1.09680715666095,0.0273030104115451,-0.527589552057634,0.682923561542681,1.16308641618687,0.297983234854004,0.0341051033246941,-0.615493211722936,-0.595829032113108,1.45362827821205,-1.02553602592795,1.62828746438914,0.767790075046615,-0.0733333068482191,-0.894311786986598,-0.134424111391647,-1.24779940823884
0.106598040927417,-0.320187303446068,-0.564248170231505,-0.0023978893440387,-0.174390777383783,0.145055181275027,-1.13229384510433,-1.09586776573079,-0.650839864407237,0.541936166772796,-1.15794563370867,-0.129985026790182,-0.945805668622704,0.294626298884369,0.222363110327117,-0.199359018792681,-0.397629853026629,0.293788405293652,-0.970123784674031,-0.487109083493314
-0.783316657008623,0.0416732584767732,0.283153302582145,-1.54100853275121,-0.211724386689264,0.486667819128092,0.319237352787901,-0.0506231902057816,-0.822772814200843,0.140840850837828,2.1415206459175,-1.55458143308211,-0.525287378764983,0.329383027982063,0.861274874098735,0.580821358193877,0.0332098783516191,0.126368648732315,1.00966512860814,-0.341523697723756
1.24119982707737,-0.176983177461963,-0.540441441458946,-0.724369492536199,-0.66148663845797,-0.436889281170157,-2.39310578101547,0.212294736482655,-0.958898496997583,0.228929467505351,0.253946792556214,-1.02693832027275,-0.672543561168622,-1.1430785363485,-0.277898450437667,0.768494681213281,0.777782986889736,-1.14545992291424,1.71083777212726,1.07426146857108
0.138858419103515,2.28473761681314,0.761532246985998,0.965291315700408,1.57045114637865,2.52245195964278,0.188653972066942,0.147874657511015,0.76636018411178,-0.474755278784786,-2.15675021035625,-0.331850900186195,0.44092106343957,-0.770424871010022,0.64304821857213,0.0247672675373468,0.0942115623962557,-0.236535580472313,0.500295380784076,0.124015864494309
1.71063158823657,-0.803610477664869,0.118546775202486,-0.086105174483631,1.91491093039986,-0.443903380911728,0.667003685271355,-0.822282318679519,0.284446968543541,1.11729869004762,0.561580005065337,-0.237038421943299,0.402821806515288,0.624935171912465,1.20468664012732,-0.707155481127482,0.333313621055433,-0.918687852039045,-2.00684429258405,-0.0112098976942131
-0.430640974722993,1.23063389990755,0.0905947571653802,0.398005482706163,-0.339018600790495,0.328835079438843,-0.534018860631811,-1.19863182428145,0.685937406463046,-1.05377624005686,0.182495852033639,0.594843262859265,-0.105477897502262,-0.0130058787487506,2.04274044317073,-1.34593360942377,-1.68304730802631,0.177090898410584,0.592124267110885,-0.558617527957051
-1.04422958092706,-0.0344445790415098,1.30604638464421,-0.4309694178534,-0.738025717007086,-0.722399200013636,-2.24033037085896,1.48586325929945,0.102444792020186,0.899240529887703,-0.15305086359276,-2.03166036222604,-0.596777524959194,0.67920126381599,-0.081370338287337,-0.0189192070776576,0.744180194239079,1.88673067817924,0.425659065031406,2.04938148403573
0.537579524580529,-0.662440864324829,0.352019894370705,-0.0296695318502659,-0.614171386709882,-0.653485729773875,-0.220633545717951,0.113484470555277,2.32128065978955,0.841200230811669,0.120392301260399,0.665819127795454,0.339832096470948,-2.6863122489573,-1.16320938334743,-0.358839867125643,0.178428464336815,-0.127148830139683,-0.919861550977186,-0.0698768124945708
-0.669585987150229,-0.249600180646575,-0.796890274996331,0.35787006746173,0.386185601434665,0.760688171764482,-0.0224429414073625,0.959552521491094,1.09244504703047,1.3784922578293,0.138157766442573,1.18355429875688,0.885322809071373,-0.925497341098693,-0.442415781664122,0.96814083813992,0.370167368060294,-1.42159628543313,-0.175323780528335,2.17867373600855
0.638805611438309,2.53311407308151,-1.83209302371121,-0.371865212242521,-1.3529209382472,0.235878026449659,-1.54241813868342,0.605237829014796,-0.31076633105822,-0.0368515820578229,-0.660675752221749,-0.767477780372573,0.254226250570647,-0.00653823340968268,-2.02897503060517,-1.71173353134973,2.25748721267534,-0.14381584394763,0.635654680617523,0.0577929657338315
-1.72398983449257,0.158119295736139,1.10252683926924,-0.711341037103458,0.982907513230518,0.0982018095513603,-0.684128812134522,0.974711755123086,1.96639345225,0.742159424146866,1.37803846087493,0.270904373747673,1.21292269253654,-0.372781629114519,-1.94808339060056,-0.517570122129629,0.785751540263208,1.05493775392774,-0.901626760855222,-1.16555362988087
-1.74243008034091,0.752039175878435,-1.45570977135699,0.54835752162291,2.0565422829913,-0.478654563656345,0.688849614728995,0.639162949451009,1.72635127256743,-1.23321703257128,-2.8394323319362,0.106740220723022,0.178489077709354,0.806359277321912,2.97079717092344,-1.56527952148323,-0.747214106510585,-0.259471126675003,-0.303950335496986,-0.526196624472698
0.689804173282994,-0.427724009097841,-0.203345288429354,0.599933832947931,1.15897764837682,1.28354227609707,0.848602802520156,-0.222152543899526,1.19554788774927,-0.968166485343846,-0.0313939738940894,1.2979893185872,0.296820677254901,-1.22594686971866,2.06970363562077,-1.37610243185046,-0.763173221324833,1.17777944203165,1.16234579659292,-1.84064745742701
0.330963177173467,-0.738748325341834,0.780069521789176,1.69556447220325,-0.39413119699334,-0.973049988973341,-0.874157557500708,0.309021633424081,0.476609588497877,-0.191699356881837,0.0924122627035875,-0.604179327750932,0.686112461559377,1.76770948640414,-0.0410371085353195,-0.644470005841098,1.43533053568955,0.831475583284959,0.462498037744727,-1.16582733374582
0.871067708948055,0.143647361326743,-0.995943466548111,0.770811522430723,0.0385290967637548,-0.318060385554299,-0.404999059646788,1.09946597873473,-1.30899593649063,0.0323489314144836,-0.355007330152069,-1.60796849512105,-0.615503508761677,1.89463166798338,-1.67121385013643,-0.283452599167242,0.693629074120595,-0.588941176475311,-0.0661386680345935,0.432752655484125
-2.01624558221344,-0.715021879194148,1.27362531739045,0.0665812741013375,-0.151746351618608,-2.00339257956533,0.735896916759905,1.00887540157203,-0.533632296430543,-0.415803514335325,0.926842359512708,0.248706303095592,-0.771980026882322,-0.757953512128175,-0.119563267352851,-0.409958128111136,-2.27654051156176,-0.641805309249071,0.331920169520668,0.106136853337484
1.21257910351036,1.31648566637328,0.214461306427345,-1.3965970408707,0.623770985113619,-1.24180415847531,-0.174398836003579,0.0468076201949409,0.173560624841998,1.04468924334678,0.907496812063617,-0.166537182319539,0.932863598872709,0.407280981018042,-1.85302644132555,0.475364734131028,0.2963222708309,0.841257046388897,-0.545863717696362,1.32457113967873
1.20049469882194,-1.57426730984843,-0.708393288946427,0.530804140602752,-0.739017099222877,-1.90467377538266,0.22241862835475,1.14329501175366,0.0849399379938444,-2.95846607122862,-1.90809136327533,-1.38871371437938,-1.04421286661862,-1.5768320125251,-0.38364869436365,-0.600953511259253,-0.570854811670001,-0.293842428555832,0.688157749049697,-0.0833793316498391
1.03206832593544,0.0461610809155554,2.0628334026151,-0.660214161365492,-0.234913706508432,-1.3587009650562,0.419461884076684,1.88138537586827,2.65479217955182,-0.530902308056789,0.132028251909985,-1.24955213152618,0.0725651983157621,-0.59161606099812,0.00145089952520229,-1.38516954095541,1.1495647711603,-0.266226761994443,-1.15861381501406,0.89991343446184
0.786410256177216,-0.0285438183671248,-0.814206513782312,0.58467882750741,-0.145887277193078,-0.0504425534770085,-0.042602367646506,-0.426479332524888,0.625140942787244,-1.22719589939812,0.373115264695246,1.70899433972355,0.524264518406034,-1.10923759949401,-1.12353990641699,-0.1388584023163,-1.17704736783611,0.669469429703386,0.378574347502511,0.341701276329698
2.11007351377927,1.41312880087594,-0.0264459508385856,2.09864919315568,0.0201773624892424,0.493851179354082,2.13567083577954,1.801872044281,-2.8398083968837,0.494478720031417,1.29910845249898,0.93824120748247,-0.0847823411657887,-1.25746952051352,0.318696738030777,0.666427953142255,1.51114139825059,2.20950500661774,0.583220671211446,0.978013263514002
-1.45380984681329,0.829193006669596,0.859194542972869,-0.886433705148,0.306926427077466,0.344779335642074,1.19764428715157,-0.500265100847216,-0.691877084523667,0.730880043569692,0.307864072341449,0.657661771770948,-2.16129719018161,-1.71381506017526,-1.36252047588875,-1.75254912138493,1.23500574748912,-1.18315289399788,1.01638787335801,0.338797387391196
-0.58310384813065,0.183352076952104,-0.462233023245773,-0.00722934436501791,-0.83997665102565,-0.818693011416818,0.395951292728732,-0.322708701095139,0.660119403013161,0.26818981396698,1.13604686807064,-0.650538265027943,0.629743594450235,0.396536348119889,-0.586287829653812,1.09880332938605,0.249724480517944,0.666474956246124,0.990544015794836,-0.884725897332269
0.409723982550305,1.33955700565283,-1.96190295631228,0.0991457016481246,0.528717578302825,0.784006256854396,0.141327444362637,-0.0976929355508574,-2.04208356031913,-0.949271651707975,-0.396417696203829,-0.567392180504228,1.69064846637135,0.822808903913059,0.700011665790183,1.47894921688161,-0.514326186678285,1.13948246880049,-0.108252445372625,-0.0755849293656533
-0.806981635414238,1.20232912885242,-1.51898973932681,-1.0714266444549,0.820388073717667,0.775572580096004,0.691575896781558,-1.05570172577579,-0.514457036464356,1.5330316109327,0.461086791063227,-1.33143990540182,0.324779401681747,-0.791016573319727,0.23505720724589,-0.62213067833214,-0.0690750799306397,0.728949991280274,0.860451426063514,-1.26262615555661
0.0855504408545073,0.871835549310521,-0.860380684699872,-0.766164341985074,0.23533790865234,1.44132742527124,-0.490708151107297,0.659218179700622,-1.03174650480774,-1.42024330028219,0.272396182843534,-1.44831960730731,-1.49574224591288,-0.830088853457422,-1.24699486783469,-0.818208750432011,-1.56290363251883,-0.109008481029284,-2.08643259836176,-1.09364942177099
0.746243168639741,-0.116426829115782,-0.48206582914097,0.391689732128999,1.31153941441471,-0.00725604732904743,-0.358903359092315,1.47939665074582,-0.784753497084374,0.627593185646929,0.943714875537773,-0.232844164935594,1.55936977236183,0.206206735261962,0.695095272158179,0.253383209883263,0.629510469095948,0.566012737773327,-0.0797893634473086,-0.417947220601948
-0.653673061331084,0.342828479570188,0.772701903126065,-0.496958800893375,-4.07522524964379,1.12543326940664,-0.227550908579811,-1.74651852795449,-0.489353720163378,-0.452019229014098,0.776764190627398,1.01821594905945,1.60983170620113,0.412567150012805,-0.00119170326900668,-0.941965336868212,0.462229171901805,0.500199864029067,-1.07057052139897,-2.77719651636753
0.657105983301959,-0.985471336554615,-1.1892272309602,0.329961239998115,0.842508923899755,0.923201471340466,-0.766692832370467,1.75559290779431,-0.138216264499548,-0.662011124303477,0.429457994424286,0.0819358708699049,-0.366856089291493,0.140888208633566,-0.432441646629992,-0.892441437058486,-1.09625095067795,1.39848787669775,-0.232757311116079,0.233428894407543
0.549909235009709,1.12771147545108,0.372123840459553,0.81703942514278,0.946401993498384,1.3418676346055,-0.00169091530251855,-0.313043799973261,-0.526275090346197,0.336257101952119,-1.64467119656712,0.333512447876349,0.12034665938406,-0.0477861819998727,-0.889437182255917,-0.768447152573232,0.5705350359861,0.0602400493251842,1.28775373877485,-0.831091301573147
-0.806729358432671,0.229829851380602,-0.944020804704325,0.302551135034914,1.19806330028211,0.498744873808157,-1.78670112333592,0.68107674846914,-0.306242743956063,0.352144836178928,0.0528236463966621,-1.27749407189913,1.57914711118402,1.7509588175748,0.520983938405863,0.311334302655411,-1.25809021159149,0.436539595439878,-0.213662015010171,0.52951442501677
-0.997379717276235,0.918570552598433,-0.605140694340587,-0.151619976920265,-0.566699860004375,-1.0968059874949,-1.2514957615752,0.348670901588069,0.695153720642719,-1.58498433251248,0.952533919628984,0.809221986073446,1.45027411973253,0.211524932977368,-0.599297900168658,-0.999882730209115,0.540992839094827,0.574517981109496,-0.100264352349794,-0.778445836853935
0.97589063842626,-0.214075592989115,1.31373110795953,0.229733023424648,-1.64331023147217,1.14843825765239,1.12346244625482,0.472727992608939,1.47999033483215,-1.23742142300476,1.46030298936891,-2.01607761947668,-1.42907526111973,-1.11379968930383,0.0763578738054659,1.47861812201561,-1.78745041645395,-0.767919248247191,-1.23621189256474,-0.726311284675862
-0.169423180700716,-2.72181616459947,1.73497736271466,1.09247865734865,-0.362122846467695,1.98040121636064,0.237862653423755,0.524980400510596,-1.52099803353637,0.497094579612827,0.64255820788314,-0.518054984871356,-1.86761364306194,0.438689838769946,-0.0421400281729004,-1.55122671171685,-0.122777968567178,0.465577088550916,-0.229071587304854,-1.18275612629566
0.72219177943747,-1.01426181650519,0.428437691453978,0.00288034192246457,0.829245787466502,-0.210230416212881,0.226341364240557,-0.0975951177081808,-0.415552936725603,1.1526037207902,1.06816391185171,1.3622192303469,1.38921083426724,-0.98138722966758,-1.51933937114197,-0.0855874211157023,0.633832978567329,-2.01911147894244,-0.785763046693054,0.570895358465467
-0.844418606912503,-0.829145073787832,-1.04883583669218,-0.132572375559247,-0.538790525695559,-1.11506151114183,0.74336018489834,-0.715167486761282,-1.42536505265419,-0.276565359674664,-0.676916243214133,1.11347260202644,1.00193778194226,-0.717322576409914,0.444050200308905,0.869037957486397,2.15477218441377,1.16350924970452,0.771794172470802,-0.471064708718344
1.27729368500115,0.857708897706641,1.50029107042818,-0.0678911879288208,-0.477624209859546,0.330579121052062,0.186533484615384,-1.45806386953571,0.435655478616936,-1.3280382219451,1.5535167950673,-0.529905077722914,-1.310609165562,-0.00975479122401318,-1.84955129811938,-0.325961978149961,0.517534664483019,-0.706094243237501,-0.231216993363865,0.315347833824506
-1.34311054918022,-0.238510129125563,0.123575572928096,0.305884541072082,-0.693660423297944,-1.47828370117501,1.39242018125446,-0.81941127664033,1.38228453984899,0.0472436098350415,-0.272746536363628,-0.142573789014833,1.60922623521448,0.618913782380215,0.703683833484006,-1.18302824280231,-1.84889897394335,-1.15030757879699,0.160748891479226,-0.890137168487847
0.765340668860696,-0.703245846716942,-0.360111146661933,0.61519332859696,1.70360662411636,1.86635156610651,-0.11460946380868,0.0688904899006229,-0.932238330650704,-1.22661483430241,-0.446283899756468,-0.343424328215266,-1.47795243534367,-0.392442850600054,1.70645151205785,0.906270938791716,1.98324377143865,-0.68048970200735,-0.354020505736578,-1.79074930615303
0.464202569980373,-2.4521964354505,-1.10263032815403,0.0512064803022019,-0.397199088192195,-1.26151135478833,0.687555460625081,-1.44440854221354,-1.22200504847029,1.55489476130328,0.145998027500433,1.09297927468481,1.37916090282662,-0.168536160166388,-1.42224171512587,-0.200383240306211,-0.812335348154883,-0.303756109980455,0.250381367320442,-1.77642499483163
0.267993278040529,1.14799999225363,-1.08601221273133,-0.945107331075068,-1.10558321274564,-0.144046175815339,0.298655017992121,0.618714511846128,0.326445182014114,0.502624751852901,-0.508722297458863,-0.180942028333683,1.69031915254246,0.168139870676451,-0.259101092207957,-0.959704714734643,0.095153151110368,-0.105903729199739,1.12830392482797,-0.0474926704671352
0.667522687135242,0.00206702197966432,-0.980294208087839,-0.573292802381778,0.605956585363797,-0.0650341887575081,-1.05638759730365,-0.0926675846283267,-1.02600519756718,0.54512354597973,-0.298408132383722,0.00406683860748251,0.346955786639164,1.34019470741584,0.360942948485788,1.10076499311047,1.0871992050807,0.492300016051579,1.40000071844551,1.91555937791029
0.398467283863779,0.0609335936988828,-0.885110668405975,2.17484611730288,1.5037267318977,-0.154645730766502,-0.530284962216775,-0.279202904458897,0.282020722310861,0.884770673395989,1.65971875637334,0.328295058164542,-0.00477604172805071,1.75598299340732,-0.315939892134732,-1.93810421526586,0.0621164753122989,0.235154986345276,-0.613253133239765,-0.0287521042962562
-0.638071030930068,-1.10503828350689,1.97200964998964,0.202063322671956,1.01556027368315,1.05994046370352,0.645957529639003,-0.97353387264135,0.432494271718033,0.00197933541368429,-0.532484228336047,-0.898738978804526,0.22926955914034,-1.26928545413218,-1.32073252168059,-0.248629422595585,1.26628913068424,0.000414474647064077,-1.17032407748982,-0.510484592808155
-0.267712904023511,0.200684243241003,1.72175158569185,1.25548941381517,1.27284754820937,-0.601386316734937,1.04473126408293,-0.218352291576219,0.419203062862706,1.19412493032218,0.606992166980753,-1.12537233102456,1.05656916961173,0.00892528887138867,-1.06028457803953,-0.248424364346559,-0.542818221200192,-0.440766451146344,0.322240082945358,1.45416577475718
0.359879564885712,-1.23057768469835,-0.960886889945606,1.06607977672819,-1.12209659505869,0.664627804883667,-1.65297978488383,-0.237702615811422,0.371449427422825,0.827525800063081,-0.175938270213111,0.747474887736723,1.17158805801095,-0.354512308803339,0.452662578220206,-0.32513490758332,1.25626187655291,0.298908400644574,0.556836498939443,0.468039237062434
-1.31286609394071,-0.126527401352354,1.15703878162112,1.03165935013293,-0.455978756268163,-0.00168824800818448,1.39860228911902,0.365110545271293,0.552489045744175,0.708893863314174,1.08783100857081,1.79350907227087,0.15109585878515,-0.435706803450856,0.870299609980815,-0.904688741008041,-0.638971860062821,0.601185116232483,0.481202826500445,-0.0481288986989196
-0.883969609668706,-1.31282612777696,-0.594449412593901,3.00881678742416,1.11100480617525,0.377457688916907,-0.821013792053571,-1.80924351467762,-0.764782793376519,0.868635350203578,0.494422039407088,0.345273194260922,0.324914496531355,1.49725983471978,0.314575515525513,0.430111362141429,-1.02354946377346,-0.867074788846944,-0.755361136383519,1.03709256902848
2.07709479458465,1.10766495520819,0.675748988055776,-0.269269376262104,-0.0283522926579676,-0.212865668469951,1.42009466272127,-0.0600782554369162,0.660985364688059,0.474529318927309,-0.365170085581388,-1.59292904319234,0.377029997991616,-2.2341358763032,-1.20109187932945,-2.03382390581071,0.864584726687594,0.344812132783656,0.714125492627606,0.193729842777352
-2.09922563220098,-1.00773754439233,-0.602795256738706,1.04189750226681,0.406164472900182,2.69650582964468,-1.43660077904027,-1.04432597240739,-1.0687021056013,-0.035170476753155,1.23295878522667,-1.59616019459925,0.249782166217261,-0.958136898784824,1.2799428523348,-0.702523869415335,1.09531121032293,-0.995092635074006,-1.39800626447628,-0.636365276751274
-1.23850596532828,1.57579983894338,-1.66595211534326,0.589907999464916,-0.704789030797621,0.86192641912696,0.559738609944787,0.366994145534916,-0.624417218650705,-0.968510334090754,0.123681583974911,1.04245528895565,0.900446653043612,-1.27793365370547,0.693593031193726,-0.0594450527642772,0.0217958187249472,0.398337730059666,1.14765664790207,0.553168357016975
0.990433089664036,0.290993020198087,1.24968163352582,-0.717209721676894,-0.360323451339385,2.40198947713053,-0.898976766973144,0.0828778987708093,0.153997002090953,1.01816100793053,-0.356393487111817,-0.390128778011838,0.974681306881112,-0.384799593728941,1.58125788835842,0.113529518118799,-0.851033154164661,0.35798440058914,0.713375904235925,-0.304448747674752
1.08866186319808,0.73952990782545,-1.53113802811866,0.645077169779018,0.242434014732549,-1.65828854619396,1.35201283149401,0.203507569401067,0.922624095807972,-0.219412087803234,-1.42179586589983,1.18151889282434,-0.966040267779471,1.98173683627004,0.00575316928352728,-0.740850404034768,-0.112974489080126,-0.893097842932481,-0.472117937759197,0.186752545307435
0.839852254188259,-1.25557448768841,0.356590141943715,0.981366096396367,1.61674595419634,0.439934537346203,1.70476470525249,0.899239686917111,0.819207776602344,0.126821029773394,0.192712791268572,-0.369914354834721,1.52603973809234,0.214543701076772,0.179174291768856,-0.89934446474888,1.01536622340981,0.418517942315274,2.35083909416473,-0.448597085310763
0.0568586386833875,1.41195113103592,-0.658777970779218,0.0592671571563625,-0.108537159448703,-0.744432108140215,-0.267064235120846,-0.464008011099397,-0.821372895470985,1.07456593034502,-0.741705048294589,0.708443131549983,0.197856954492877,-0.52115369426546,0.0639091706221767,-1.44528117325082,-0.160354355519052,-0.980523526394262,0.457826448169741,0.115996640796548
0.32387805118027,0.733487047055622,2.31369585060174,0.0177066632971815,-0.0708604861879921,-0.0110470288955747,-2.09069460829804,-0.180172503228399,-0.764135468673258,-0.769979488016432,0.773888035635491,0.298846159931188,-1.02307996548047,0.0497606152936478,-0.499203261359005,-0.601722722538382,0.82342879954768,1.94723212742378,2.62665670440432,-0.919646923470187
-0.904668667590953,1.28172145133541,-0.0149701343649159,0.364700264208608,-0.65578473653278,-0.643639774921713,-0.273954212339613,0.291862387187921,0.437105939377595,-0.984246031554336,1.87751892400518,2.53062391203716,-0.862890319113713,0.217203267468534,-1.09623699882403,2.2585963871425,-0.756226034092459,0.0966982268707135,-0.170907697220172,1.52279688525438
-0.65218384837012,0.898800480392667,-0.774815508804266,-1.13432103824764,0.921662357551744,0.688370898888087,1.96516711256991,0.448482055292619,0.17641350040696,1.7314412879211,2.1954075921135,-0.894877059206565,-1.36581778819857,-0.28020022717618,1.81590446420468,-0.695904082395609,-0.976130232513664,0.888076118226269,-0.0162684203135428,0.725558383266008
-0.262454637960949,0.531112359051312,-0.718161307098518,-0.147727288727898,-0.705006607256987,-0.443022391543972,-0.594498893246547,1.79951449072916,-0.380591675514383,-0.458823971308435,0.380910011772979,0.392530272174831,1.3506550238651,0.901262803556377,0.283710201712971,-0.288879073474882,0.26076575957537,0.386062243628011,0.693723207635191,-1.26759395334611
-0.934662840905703,0.78458277656108,0.0887222977156463,0.26182540564458,0.8713440309755,0.575063749462208,-0.483053404288986,-0.359686503678423,0.57850263170264,-0.217072116294637,-0.354868732374567,-1.2771557947874,-0.141773234484357,-0.813260541624606,0.000232226270657582,0.674229396384772,-0.86953165314246,0.786220044071639,0.754391025621929,0.515767474666597
0.821161212634175,-1.18521359748873,-0.470568424367176,-0.179053095671917,0.369133966945973,-0.148582945472119,0.586491771871177,1.00481701496416,-1.12429625195768,0.674007338096851,0.170717459835496,-0.522679998275988,-0.606194677308436,-0.532591049196381,0.322217620325227,0.179402408071938,0.728180681219617,1.82784896965211,-0.604960836653375,-0.0437967132370092
-1.62425917345994,0.345996718948347,-1.73031507268247,0.577912957730083,-1.16139978427344,-0.802080492972009,1.77621014510602,0.512357614438885,-0.188504567040776,0.83190056605759,0.63586023448271,-1.76922592176554,1.15878894475269,-1.04073848859876,1.33087915786553,0.718648376415301,-1.70458403168088,0.483832901165183,-0.657194239414026,0.358225074394382
-1.03040366948029,-1.17287621498753,-1.61116993126326,-0.433551338768529,-2.17836020092482,0.0345253075290986,-0.731509917342886,-1.11774839096584,0.295865885718066,1.27814405453311,-0.576275113585096,0.0448973010457184,-0.520457380288258,0.924826037945851,0.214759319607158,-1.75545079626003,0.40050372391287,-0.673064619590255,0.149644832001607,0.284714286926815
-1.261929311973,-0.337049418522385,0.241083397273131,-1.03057186284641,0.230660935573751,-0.000987143002203347,-1.91812407757511,-1.43447636103514,-0.972880862116043,2.00128362154055,-0.113342565788531,-0.807258976475183,-0.506779202727358,2.50234746866687,-0.605391321239483,1.34844603289984,0.818748916745327,-0.645136233062434,1.00933940149897,0.426864837301375
0.39218462589648,-1.02419057055895,0.153254953907661,0.242926505298676,-0.689652376912374,0.895439990666657,-0.0165480371039575,0.162620376648513,0.845995120550125,1.50567655432604,-0.571598634259385,0.366922416892441,0.840489159578485,-1.07338309573501,2.11564429297538,0.312597755111739,1.05069416634297,0.0643760551009161,0.803804338967294,2.16797615489253
-1.13143826165372,1.32480070732534,-0.593178311557676,-0.467320958994759,0.449945988971412,-0.102841620345269,0.303438286146386,-1.05046496708747,2.46301535201675,0.503281648405573,0.146722312462162,1.37840042647919,-0.355058313884652,-0.871492058995179,-0.788210928625598,-1.01340289764951,-1.63357814851162,-0.322270279526359,0.100389440894688,0.261743349700474
0.544144484008162,0.0374715869100689,-0.59442293497948,1.47765753677916,0.933445482572422,1.23997182431166,0.803126180321854,-0.464129342306074,-0.170423027686701,-0.720332531840492,-0.247433776800859,0.545507358280608,-0.602561911850426,2.1013212481759,1.53297932040931,1.42702100620975,-1.02836215616363,0.201088530692527,2.12410541608424,-1.6242537893757
1.17660893473457,-0.0773427425950533,0.417601839860334,-2.63931826212369,-1.11310572847651,-0.806623761503954,-0.157839283023772,-1.55978491865235,0.519129197826087,1.27739857537988,-2.54537759436984,-0.0594559691692967,-0.0975733802428334,1.76163282248566,0.0132405534388909,-1.0080562565438,-1.22232169120368,0.969060508501855,-0.651357761188039,0.528910677991549
0.0252285692390373,-0.440522180561612,-0.471508188335416,0.974805329168286,-0.0728967078115784,-0.431535872850613,-0.00665271651499587,2.0753433748771,1.7880553444185,0.315874735163692,-0.253411887162889,2.27629424475939,0.590741820421511,0.843428877288801,2.23502177581362,-0.898756441750793,0.754849851707011,-0.367508018405662,0.494975260158151,-1.48483223386578
0.515133169692034,0.214252775250749,-0.291936206460388,0.817768084340929,0.23735796098166,-0.962125061573894,-1.97006330534011,0.108188869774462,0.48206418711568,-0.290314281645789,0.0778474714408623,-1.69396809640182,0.0733341446248502,-0.0623704051797935,-0.0591283799314325,0.701002956491576,1.92201732626192,0.340503388122823,-0.470555843882402,0.429581710520776
-0.654109760017422,-0.0118109382989014,-0.410613524438348,-2.15273762948771,1.34511988785529,1.51777923894131,0.306792930344697,-1.6864413917912,-0.389100344340958,-0.490331961501189,2.02816209051461,-0.70420448942861,0.0643882015232509,-0.176220878140151,1.87328664117944,1.40888469747169,-1.29148448254769,0.0176299334043368,1.27456513322433,0.472735594133751
0.503641990827566,-0.453091664490338,-0.244270239322654,0.140415004682428,0.780858536550643,0.245702613237075,0.338333163910638,0.679876800646729,0.709453728292857,1.44297610008298,1.67716483600224,0.0701445558372101,-1.33599158318076,-0.149938886736539,-2.25773957007292,-1.24556983134984,-1.77605281769286,2.1905369724757,1.30415406910606,1.19328383039332
-1.2721192223284,-2.10185235124372,0.144837270245737,0.35568798956311,1.04143243691108,0.666991162789481,0.389775010728692,-0.0352163915493581,-0.446140463809756,1.08184508644284,1.0977717596585,0.973122323952093,0.953349420793841,-0.956786565510624,0.485856453352519,-0.655604102143239,-2.14534116899713,0.0642595956737413,-0.369667928454557,-0.166669858871363
-0.0767711536986575,-0.282619301326518,-0.835905515398332,0.0455369329715505,0.427257564592501,0.322393366990211,-0.668885360016469,-1.47955468551388,-1.31159928468142,0.0355719097051405,-0.227651420331568,1.79522267670887,-1.0751388038927,-0.595272720786622,-1.4613387858196,0.360822426588255,-1.20606986456449,0.841218104786733,0.0974861880107719,0.905483769877823
-1.34531937567941,-1.57097430032779,0.991405427988744,0.424366358764859,-0.631024335336181,-0.0856340024993955,-0.298356860633592,1.10047329811433,-0.294470789777457,0.452995631021971,0.360346696662681,0.256449845173394,1.04493264510908,-0.364963207285162,-0.316948918638109,0.0952231374605868,0.961605207276756,2.63008785386246,1.62762322480623,-0.562496114767986
-0.266317560246187,0.296358609504791,-0.451629923496251,-1.22071664361861,-1.09297821070685,-1.21368484176211,0.291485267228752,0.27593141455542,-0.50578277769579,-0.0725762564834172,-1.22090082084418,1.35316155443764,0.339804651306883,-1.42112861517049,-0.28184213899436,0.0191489084042577,-0.0674761939782448,0.614852207880816,-0.356307433039244,0.0299595510940333
1.08756299501947,0.247361274148075,0.143813101389736,1.16386851590752,0.180098686197436,-0.492972217131828,1.30831247203775,0.189832543836201,1.55726301285533,-0.095334632578029,0.908840096069929,1.62097309346054,0.449662535892063,2.21713981541212,0.926888871390235,-0.149942133244937,-0.879161787573748,-3.4359579514437,-0.993974668245958,-0.164171489444086
0.700567795415207,-0.136978390592641,0.0460645562102039,0.0219361878482541,-0.296043269843356,0.944377131349859,0.0265395750819076,1.73777442792424,-0.0395518896477588,0.083928056590737,-1.52794332575936,-2.42934249616022,1.3263075515181,0.397657915391739,0.396465639871558,-0.190114312787073,0.0595179446795562,0.51920548174743,-0.844154425420703,0.372649997644626
-0.4427595146404,-0.714340763268264,-0.761604784905894,-1.60249143947801,0.609361826961878,0.284848518240451,0.167710854511362,-0.943076815249978,1.47126421047126,-0.492063714955073,-0.0349535981148362,-0.984435538475398,-0.304440665339023,-0.877204431721025,-0.407468163392601,0.800523590184818,-1.21184076422561,0.396241338875474,-0.355155519967913,-0.129787774060121
-0.78851996588786,1.06541393286153,-0.438641071570034,0.46151971873098,-0.823476688033616,-0.416679012374467,-0.0528352064312998,0.689194316975763,1.01171670504488,-0.14417110319099,-2.4527567846042,-0.0899109317931935,0.0642806830958843,-0.515167621356833,-0.993406597533431,0.36366798754528,-0.394734115341185,-0.649809893388914,-0.79106937494405,-0.537437933457685
-0.856775709774438,-2.02031927086154,0.735065582454664,0.0484663143054833,0.593148786599997,0.360754305918333,0.71691317217565,0.0450576850503484,-1.5263393983872,-1.71921716657921,0.880589227527708,0.877024980847238,-0.0615774107930173,0.169666300219336,-0.517566765843088,-0.0742284599834777,-0.762039140316801,-0.518282954425997,-0.989851553885794,-1.94197143671425
-0.746419014623393,0.506020229224928,0.63381673788312,-0.639203402375817,0.615102713705241,0.0198246865502148,-0.356369304237231,-0.41582279384542,-0.347107363401464,-0.71216599652149,0.918982757552352,-0.524488129464012,1.34719566221629,0.832350381374199,0.343823735723477,0.101184399207762,0.791292547037988,-0.934430237546151,1.07994761730464,0.56093286936439
0.297983620401414,-0.612204456107733,1.23874432711773,-1.12911352566566,0.468552384159784,0.25987455224658,1.22644620120694,1.00687719574466,-0.368880295399115,2.34138022307364,-1.35349905813563,0.745409102990878,0.239537968472942,1.3472835758533,0.740761309067544,-0.127032870536076,1.45467231508079,0.892569206387955,-0.141661131322553,1.24738504341624
-1.01955219721839,0.0262636577264224,0.231896206292307,-0.273089511626398,-1.30058153527951,0.121309996296022,0.313606887935023,-0.913007603874411,-0.227713508517226,-0.632247768654266,0.340854240619026,-0.524842500489229,1.73396027286808,0.617080577236708,0.85640258454297,0.541512746713571,-1.27556587546823,-0.995043374912961,-1.72828609540594,-0.519731344587146
2.87089742357224,-0.253103127084793,-0.314437880898758,-1.25352997110356,-0.252667130639782,1.01250234607721,0.770273987851218,-0.882064402357025,0.135590367659402,1.48190961760198,0.208746853781132,-1.25846462183836,0.729826671163702,-0.727267326152998,0.533314752847106,-2.09549496343772,0.478679860596549,1.64035238484157,-1.40622281109675,0.191633722436155
0.218710011404553,-0.978780061021573,1.4997037042092,1.6843039932239,0.96569198474415,-0.371425481943966,0.344628877842448,-1.45781481704416,-0.674152729825188,-2.12169330620394,1.32379011985367,-0.732706918118915,-0.546346085315451,1.56878458816942,0.458655846465406,-0.133590981444519,0.208142705424144,0.0424300511973259,1.20690673542413,-1.14224004608372
-0.966554329701125,1.58167892916188,0.0695743692981956,0.0593110273704469,-0.211094527524804,0.426153892315546,1.00162188613074,-1.0064863749714,-1.398043646528,-0.304923491110621,-1.78355450978176,2.05181527298087,0.412641722509705,-1.48152906887062,0.452183739310881,0.138822656459978,0.702542099365983,0.228630772254509,0.250057949088328,1.95712410433475
0.383838181622369,-0.269041839048208,1.33403372000003,0.57446865479267,-1.39209293856774,-0.836718866827902,-0.865771777479399,-2.1877228774828,0.154940987838779,1.55908140641189,-0.814323104702519,-0.852335605664195,0.381292948493277,-0.19103990701545,0.0333459291157608,-0.828544739872018,-2.24240005642564,-0.271249652499034,0.62378447909404,-0.800924961600147
-0.121896071318321,-0.505517993607768,0.182234972030415,-0.13596502749099,1.9782601886062,0.430658989519359,-0.384908852264266,-1.00038943814452,0.162399616119225,0.407193351342946,1.02004992163914,-0.247855044489528,0.315198983518879,1.36420163153843,-0.140979423607578,-0.360714757389841,-2.06699815245401,-1.89535827315782,0.687655897512313,-0.951620127507339
-0.35054757220023,2.07726215224686,-0.0960762881273546,0.643600026630614,-0.6036861598656,-0.201485974635851,-1.18468219857693,0.442233813460238,1.20676106185252,-0.0616491219886493,1.513929017374,-0.569759146446345,0.156549921088568,-0.452058465968692,-0.968089413342707,1.40988691315266,2.07689251974094,-0.393662199036307,1.09298148843581,1.03496417799285
0.599463621130663,0.669925554408754,-0.850532439053779,-1.07608047791478,-0.878938995706546,-1.0891549777713,2.07039172914802,-0.398892560562508,1.46263954288162,-1.42854551196401,0.625895208571685,-0.327725240642007,0.253248587906174,-0.399615498692355,0.489012929327297,-0.100518131507509,0.100744002541552,0.91255023063872,0.533291534666964,-0.496642315786302
0.231274077565683,0.20408452300841,0.269472111643762,-0.0756928695566124,0.370785376036564,-0.133328364843027,-0.308397781794992,-0.140107066387914,-0.0922747350640371,0.325744828400031,-1.24569939628613,0.858310102093236,-0.458488321959885,-1.26189064118078,1.06788846582116,0.38679969737307,-0.551339272238664,-1.24830749690821,0.956081153543352,0.280773706780018
1.02624619681451,-0.0371531440109163,-2.2589990017634,-0.417420334784817,-0.417779629917741,-0.864733623494705,1.59074153500168,-2.23738903743835,0.555888319527392,-0.520690707085485,0.816532580286997,0.677262406299731,0.109046585607821,-0.617012820974346,-1.35379483884328,-1.8206875386904,-0.786129093786784,1.40916107629928,0.0111876151046003,1.40980896414057
-0.524448850039707,0.116006986854154,1.17882048865978,-0.549598980134553,0.058068567086791,1.3744803289862,-1.24028336360368,-0.641178303881207,0.334255892390409,0.609629338733594,0.810341070249695,-0.693980785222091,-0.273673767849698,3.30276643152585,1.00105668550896,-0.567781816024985,-1.52143694577368,0.493205093515969,0.584432057975501,-2.2236049880863
1.7962062421465,-0.256011771746439,0.902090923407546,0.263900926397808,-0.130803197121819,-0.45710174047231,-1.39325299392701,0.591802705289281,-0.241828424548264,0.917960448120372,-0.0989149890414936,-0.937849235856246,0.962620222065591,0.293191722003341,-0.968413760672357,0.233723715902293,2.46367521848918,0.310001327431628,-0.633250856874733,-0.291033179991573
-1.43419640575174,-0.674596239793444,0.626724662264575,-0.840201766079962,0.767654973332161,-0.156962551114435,-1.15091673160821,2.01555765576609,0.754989743705812,0.648146162273631,-1.04185207025823,-1.18152458935968,-0.358040277932759,0.732580267432054,-0.359793635017528,-0.245707648260162,0.230117305662567,-0.376726510003352,1.20313476061207,0.196130028934763
0.138686170462537,0.942027079068563,0.250950969342156,-0.978569805407246,0.0374088230675283,-0.17190798046493,-0.22392397001694,1.12406128272462,0.339919856509491,1.59451808494077,1.16629993697746,-0.887657742919922,1.43780664985633,-0.100755434623176,0.200984856354819,-1.11919204546499,-1.3936878568971,0.380792139505405,-0.523096234950983,-0.679252759927456
0.451463727045541,0.493036422511884,0.552648907461989,-0.842574456664156,-0.59934270823734,-0.77104739546118,-1.2456472235125,-1.57367301331237,-0.477794687753809,-0.323502850632196,0.669532161645268,0.840826106712753,-0.0483186941604121,0.490139306924236,-0.44774401962762,0.460838683753137,0.263670673802171,-0.636499866377825,-0.57608742266379,-0.228744843042197
1.21477412460034,0.443817053497334,0.950754253582309,0.258028035033466,-0.0684241022449679,0.391731138532276,-1.05063607826893,0.154319433109547,-1.07040353080359,0.423568876859965,0.527841295204042,-0.468313835130839,-0.165490319443761,-1.03427747703027,-1.02532589681075,0.325490585412531,2.23217733898078,0.229722991304635,0.613422449938379,-0.0704098416886384
-1.32448112472921,-0.0699534084101726,-0.714485753494804,-0.0616350576074234,-1.06169979062941,0.0402010629545702,0.593892027707963,0.269132323855216,1.29859546963171,0.118853015228916,-0.0566945308661925,-0.612120717696113,0.0303860137763232,-1.65907638395615,0.677975478298786,-0.791787708484683,0.534878458707088,0.614835757488771,-1.07619017552973,0.238131195029434
-1.13962777599904,1.30191419547311,1.89170555264949,1.88578063852627,-0.969011657439001,0.173069673853617,-1.7928330999629,-0.230989302202578,-0.838500672128472,-1.33083304106865,1.064960613461,-0.0402811786138452,0.895245023623803,0.163044399104687,-1.49960753573865,-1.24718553009298,0.363751316728125,-0.756869637491019,0.322116378325372,-0.194538773549929
1.67564857038408,-1.3593267120089,1.39531731667127,1.13228469251829,-0.562145600453596,0.345995714222798,1.13868439390062,0.548170246886812,-0.655036871978223,-1.9473833081341,-0.446843041389021,1.60576149880647,0.148538404993839,0.145943403798568,1.2651854678518,2.27640256859384,-0.468342460749081,-0.0201082040630498,-0.440465750171575,0.427477326817784
0.398146208399212,1.55437166696287,0.113389734648979,1.53196200086064,0.93361618059296,-0.0389134989939233,0.181495183111032,0.352102476061998,1.4324293514663,-0.0825498838609195,-1.02693167439842,-1.19606616817015,1.66147961972475,0.279901517241324,1.61699418485226,0.0365502753871825,-1.38441571386915,0.843317026190526,-2.7865922797118,-0.6025988424729
0.715519135041981,1.44850238928878,0.374969964173751,0.290622192028373,-1.2868242086631,-1.26298251662653,-0.101823172377655,0.0127623541619311,-0.355903179964112,-0.0643832869565921,-0.244846534611704,-0.783325691506734,-0.323055756128165,0.0188091516143926,1.06705279337971,0.555101788101287,-1.37154240360049,-0.762458497191271,0.810510781629439,-0.302253664985063
-0.793195135525615,0.928271107984815,1.46450645480605,-0.704267027935571,0.809318748014713,-0.0411593123843445,0.825158278148808,-1.27061829405756,0.348400876657685,1.59969638016097,2.34380416095647,-1.84279134907259,0.205076145218165,3.19590420316173,0.161805618415386,-0.0875513988795077,1.53985614025775,0.771671854668322,-0.477813103064453,0.366103970616433
1.92385164716385,-1.30725402796686,-1.24223305763758,-1.17629410658413,-0.902275822834024,-0.749590901969279,-0.448453121420921,-1.61590566470134,0.501936863774285,-0.135732987682134,0.787230458952768,-0.151995076459519,-1.03460077779037,0.541719969096032,0.0336739523772855,1.12962504570182,0.282049970151157,0.27154534432088,0.815642886830852,-0.270717945821728
0.0704399863140548,0.276600703219708,-0.702655625269387,-1.16118903036796,0.920170382494642,-0.799647263971003,0.205619796522223,0.349136778180108,0.225410964521598,-1.02519846620786,-1.75805405763506,-0.109407459602242,0.368699054355243,-1.69731888155117,0.518335663699554,0.715621512050979,-0.0445017679815096,-0.596762260281605,0.553242408481594,0.0834842918105193
0.469280036313251,-0.799175068505791,0.867273365233081,-1.58047798380271,0.0406202184405603,2.44988862019555,0.0513495113718999,-0.16819368238802,0.47106077997422,0.0399828430613313,1.00816136983671,0.446075410454946,0.619851870895341,0.388751595109577,1.34479505310953,0.811730704658685,-0.358361447754501,-1.16872557508754,0.909417758231282,-2.44226584795155
-0.089852094070693,-0.376917060375801,-0.09328505648561,-2.04442628179014,0.48854639456474,-0.780319122638664,1.63906382400264,0.586238537669323,-0.993758059371923,-0.694417185007854,1.82231484758655,0.406018031674817,0.36932748634987,-0.954309827596718,0.994599757580863,0.144231049448313,-1.05863216061617,-1.02048847312886,1.70512943756179,-1.2864083621016
0.894151631543501,-0.605614918388939,1.2633795362286,0.229242438527536,-0.201850019368514,0.771485806357494,1.27310421981306,0.239287864553944,-0.0895069393688343,-1.08797910982191,-1.11121348729202,0.886611160497326,-1.24939504531117,0.425229102525484,0.497199103429281,1.49119559544368,-0.190995372285239,0.305729152426359,-0.127272010743276,-1.19474735803165
-0.373709877991421,-2.42717048947145,-2.68624780498277,0.319638846772138,0.4799955305667,-1.08561325330385,0.746514122105242,-2.63346953548954,0.494434721397798,1.20668129920332,-0.242609772761228,0.093441330738037,-0.83549665445866,1.91157599881625,1.36252396154113,-0.98766524213118,-1.43909813471563,-0.795990545081702,-1.01449603466778,-0.956669918662194
2.2582519032112,-0.513033538606748,-0.905742473881116,-0.244195064399538,0.454539516462924,-0.107905711141836,-0.0553080063250388,-1.55835351576049,-0.498629211394098,-1.82468326058375,0.984099858579889,-0.99084379137678,0.15130005764547,0.0801866820774149,0.727215636339824,0.320879459366284,1.21876030206791,-0.661659652862859,0.98167666215695,-1.29720515079529
1.57310178021501,-1.07188734648901,0.70923642521013,0.879448947879105,0.353556422103691,-1.38113364056922,1.14610200090031,2.34655489323149,1.80969189206454,0.502445227794938,-0.399033783751724,0.184236933395435,-0.661576689554294,1.29600499415782,-0.0750887545045666,1.30046455609285,1.07638233203136,0.64670763260697,0.63739527316193,-0.514421695872733
-1.95432173116414,0.137366095517985,2.094800939864,-1.57890747077366,-1.98940844793816,0.563842636099538,-1.09503144663827,0.0392686987057042,-0.218363163365565,-0.254496481717306,-0.837635429870446,1.47919917143344,-3.17189656689459,-1.72801627158011,0.223065786218963,1.97317041995017,-0.922932166513378,0.745389464537551,-0.0566722173618949,-1.36093825159035
-0.619322433799992,-0.8949972787158,1.12528641031634,-0.557161483753157,-0.328208037955138,0.0295997650571809,-0.0129269706327961,-1.59116915213878,-0.716313896443019,-1.26521790239909,-0.0228329137223875,-0.0681405758524437,-0.0568563553610491,0.924230638982811,-0.387911903599173,-0.99705058151293,-0.498261472853734,0.053932544604405,1.17524331656422,1.21799445812372
-0.029947728618543,-0.0785658217211693,0.377227654449831,-0.249391972547882,-0.908896101030379,0.482272724913897,0.510673744639044,-0.716366596980694,-0.940510045321207,0.500239428714762,0.567115996007006,-0.688433971616133,-0.710831136467979,-0.349528236359752,0.47053741201344,0.270563385510486,0.901451228979256,0.295031251107172,-0.640391905834094,-1.73482147234787
-1.72165842190673,1.59583628394558,1.10919729419733,-0.644158080341856,0.23781490918082,0.388135909160245,-3.14165068243951,0.389761418497446,-0.0869896608888594,0.435740597534795,-0.657871309777583,2.0041713085511,0.975445668518405,-0.897229076762019,-0.629754346890264,-0.230614510858937,0.0850571991723012,-0.160835316499099,0.817683505786348,-0.338452176994191
-1.05345679938003,-1.20402638671081,0.638852349334293,0.0550831188912356,0.0240505529426687,-0.179974612991826,-2.48338932052774,-0.28737211390962,0.841007930909024,-0.775520685550293,0.424301899396323,-1.13225682162047,-0.586118229986301,-0.424580710445777,-0.427489355112,0.175725607562586,0.323218758268047,0.644579360101818,0.979977078231188,-0.500122733806639
-0.570662483400923,-1.66227116436684,-0.358834791956634,-1.42052875080467,-0.361267301370948,0.940189386620662,-1.23999715279587,-0.706877217371215,0.108224162830289,-0.00992351312872788,-0.0849408363601928,1.47149745242704,-0.573992216427706,-1.4322647789548,-1.37649264305741,1.32472595463097,-0.946874164329557,-0.230023376473707,-0.408926324752644,-0.089603346398337
0.482714394679326,0.0693471454954034,-1.73169186771603,0.280231700395307,1.3054541109116,0.705569563932927,0.051984536414802,0.722481376443339,1.75357849553071,-1.40247459312624,0.133279986197806,0.79993312624876,-0.29859345701501,-0.819478838148928,-0.824067405933672,1.6245196837418,-0.534033310036625,0.01251752913902,-0.595269754866034,0.387440106754391
0.0959238924106576,-0.948187755876227,1.89120440328935,-0.936323782581704,0.746482037536999,-1.18233482803382,0.468210275440875,-1.68064898653663,-0.849799557989691,0.166370231360445,1.07850577380263,-0.436887448307316,1.41615872203088,0.298517133211039,0.835080884257306,-0.784717766884942,-0.512131122224017,1.86400771947496,1.04382248204663,0.409501732636111
-0.587839790948612,-0.951191404229797,-0.33162409174599,-0.360239132071207,-1.52187573442396,0.019767711184048,0.39301484750318,0.646109538165403,1.75334056980402,0.0583899940821335,0.185382112998558,-2.00224709339354,2.66698720020087,1.10943092251491,-0.441294188802123,-0.355258448465845,0.035461357167994,-0.222657526947651,-1.10490791873709,-0.878574884504019
-0.0817800359260972,0.868059858287208,0.208743354794764,-0.433800221676952,0.00789807070048934,1.17305376350979,-0.545305004813501,-1.59755734040526,-3.54636131723534,3.29327460874402,-0.95308665352276,0.78261552273288,0.00120466317829238,1.32470644015421,-0.00114897226303344,0.32473316799811,2.87406014609541,-0.0297535686198731,-0.175233838375811,-0.42990114348878
2.88841825453315,0.15854671960456,1.73448193195702,0.530705988034024,-1.70449351959518,0.280647327480491,0.10496976489686,-0.401974184388273,0.0619659311721398,0.280088526739194,-3.92584003366849,-1.96640680587953,0.392265034280309,-1.69250648460893,-0.496233079608048,-0.0925568005875811,-0.631597147332386,1.13781585257387,-0.711456809260476,-0.297286955898328
1.17282535280265,1.2960772841672,0.977672363036543,0.637975213169976,1.06555678629156,0.908213798869522,-1.70348983996008,0.502884264945641,-1.22240343780181,-0.782902246885827,0.566042937944629,-0.73125534236191,0.676361812076663,0.612535769139202,-1.02094515959906,1.10292413279121,0.289802357118867,0.219075334144409,-0.138074768602494,-1.01120432924392
0.549643220497139,-1.0844171547977,0.560157336092208,2.83277844000288,0.993543395253246,0.167933610954523,0.876505107262341,0.625046695634139,-1.72047620175252,-1.58598580616655,0.486606654987435,0.565480080073234,-0.385225649506042,1.24616303663709,0.462229942401077,0.771449404996957,-0.544745078316925,0.165455703760106,0.663911875031123,-1.69735139952992
0.779104510004614,0.392774897437775,-0.363797137283345,0.344522901659925,-0.42045684098059,0.189943267576457,-0.885893721944136,0.912344872833366,0.470097539656018,-1.3841235689179,-1.08807812702382,1.48255924158616,1.59115741383515,1.3886814913664,1.78656452525564,0.63385453894252,-0.0343317881503524,-0.648015251632233,1.25207579765888,-0.495857290080087
-0.565131250804953,-0.0260349100172261,-0.443907731232184,0.655335735096584,-0.329803355998355,-0.99252377381616,0.11756066216797,1.10924055525329,-0.028328667956785,1.32955912966724,-0.630365394486032,0.135447817888581,-1.00458011214926,-0.679330425037152,-0.619115199754002,-0.25760127620074,0.436163172196026,-0.53649966385706,0.466665485450864,0.0152276199396107
0.10295428579596,-1.25604113376497,-0.386735326334604,-1.67980470180235,-2.07080002372467,0.168884032555549,-1.0392228942978,0.148241275275017,0.915868504737941,-0.609034677749252,1.33298481634367,0.931215265611262,-0.763769527530467,0.380050757363051,-0.664639998241307,0.151489762348404,0.294187096968387,0.459330464845008,-2.24205069660352,-0.319668482054391
0.28152151318426,-0.935686280123423,1.83198122750218,-0.335470902729352,0.934841657831826,-1.07529644574959,-1.30875222215094,1.24054589063679,-0.141186607805173,1.08910755031872,-1.03952917367281,-0.815835419773237,0.428763818995234,0.237055886302942,0.95299752386393,0.631483825215318,-0.156997026562208,0.876975731454511,1.49144686313303,-0.808700343670776
-0.474431173723213,-0.196685829794227,0.845316964560876,-0.170648432913823,1.54983562988296,1.38031707724779,0.44040580354394,0.92561777243164,-1.55288580492886,-0.139382832280131,-1.50836033573424,1.23038480279361,0.218061866416194,-0.598962596030072,1.26601097236585,-0.79040671192339,0.851801803942517,-0.541881543474502,-0.978933249966177,1.11764877133937
-0.458004206996901,0.142268674739164,0.330577090792456,-1.50678386890079,-1.13152206326883,0.355300038298096,-1.61177953016444,0.288976880930036,-1.99340531222686,0.895307117481305,-0.587525037885123,-1.91989668595925,-0.786990462981032,1.0592384281921,0.788464392233712,1.23994361769879,-1.20750036320726,-0.452458498689222,-1.49111998396268,-0.0116542489934409
